,name,danceability,energy,key,loudness,mode,speechiness,acousticness,instrumentalness,liveness,valence,tempo,id,duration_ms,time_signature
0,Heroes - planningtorock Remix,0.483,0.978,4,-4.76,0,0.0484,0.000232,0.606,0.112,0.752,124.009,3d5AEtmwhwm9Sq0VWSK5qJ,267229,4
1,Porcelain - Christian Löffler Remix,0.616,0.34,4,-13.648,0,0.0298,0.34,0.727,0.127,0.33,92.01,1o9e4RnIIbc9qhS0BszyjJ,232358,4
2,Go - Moby's Trophy Remix,0.608,0.89,4,-9.753,0,0.0538,0.0776,0.882,0.0908,0.233,124.996,7uHV6bXy6L7cwEDNsfdyUh,355293,4
3,Porcelain - Bambounou Remix,0.483,0.85,2,-7.501,1,0.049,0.034,0.82,0.138,0.516,160.026,4VQjSJF6TGtJxHo7Tg8Li8,317569,4
4,Go - Anfisa Letyago Remix,0.674,0.958,11,-6.167,0,0.0404,0.00054,0.897,0.107,0.536,126.989,2DILDB3AW4KcxN1zyOVw3s,338741,4
5,Why Does My Heart Feel So Bad - Biscits Remix,0.683,0.914,9,-8.654,0,0.0448,0.0226,0.259,0.653,0.504,123.974,4vRM94cMCGG5YQ4Vu9ZXUz,211417,4
6,Natural Blues - Topic Remix,0.612,0.748,11,-6.59,0,0.0348,0.00535,0.0726,0.103,0.419,121.999,6ib63FzQmUCdXVSRY6S7nH,162952,4
7,Lift Me Up - Mathame Remix,0.698,0.692,11,-8.575,1,0.0389,0.00087,0.89,0.0974,0.0711,127.005,5yKZzrBNUmLh5rtBIaHk7p,421979,4
8,We Are All Made Of Stars - Moby's Ac@n Remix,0.489,0.7,7,-6.418,1,0.0309,0.14,0.00158,0.12,0.0398,95.028,3FxrDNFDUOx8MDlnCx1WhZ,274094,4
9,Porcelain - Efdemin Remix,0.591,0.733,11,-9.624,0,0.0269,0.0276,0.824,0.104,0.413,134.028,2ODojLocP3dUdKKqvu2Vek,347909,4
10,Porcelain - Efdemin Dub,0.631,0.176,11,-13.46,0,0.032,0.758,0.859,0.0974,0.338,92.04,4di24joDHWkbWfpwKSjXBL,389268,4
11,Natural Blues - Moby's West Side Highway Remix,0.634,0.796,11,-5.231,0,0.044,0.388,0.00036,0.0803,0.664,113.993,3GaCSIfcHDhfpLPgCCDF61,330718,4
12,Extreme Ways - Felsmann + Tiley Reinterpretation,0.554,0.601,9,-7.878,0,0.0273,0.497,0.886,0.0813,0.16,109.98,7APbJSq6oTOL8ucJhCCP39,202598,4
13,Natural Blues - Max Cooper Remix,0.562,0.938,4,-8.241,0,0.038,0.000238,0.769,0.0919,0.0326,121.004,5ThYTaKicsYvR8R5wcEON4,315451,3
14,The Great Escape - Moby's Observatory Remix,0.246,0.309,7,-10.087,1,0.0357,0.686,0.145,0.0982,0.0487,117.807,3bk7bpDJ6obeAcGilxAgSd,446572,4
15,Extreme Ways - Peter Gregson Remix,0.186,0.34,9,-11.703,0,0.031,0.269,0.000532,0.0913,0.0383,94.567,0tVeh8H3gn9CubIEasMKrc,289057,5
16,Why Does My Heart Feel So Bad - Biscits Remix / Extended,0.8,0.909,9,-8.505,1,0.062,0.00136,0.651,0.0931,0.78,123.993,6L4nycMiZMHPYmN8kBmwe7,346615,4
17,Natural Blues - Topic Remix / Extended,0.72,0.594,11,-6.894,0,0.0361,0.00125,0.24,0.157,0.446,122.011,5uw1iVlpyjlyy0HH9hMtYx,223913,4
18,Natural Blues - Max Cooper Remix / Radio Edit,0.568,0.93,4,-7.479,0,0.0389,0.000148,0.86,0.119,0.0314,121.008,06H3FL9U0ilLtE5XoZ6R0C,231013,3
19,Extreme Ways - Peter Gregson Remix / Instrumental Version,0.0601,0.24,9,-13.759,0,0.0461,0.0628,0.876,0.0954,0.0291,61.812,3kzp0FbMN0LVTNhQjgzr1M,288341,3
20,Everloving - Reprise Version,0.386,0.27,9,-11.958,0,0.0319,0.172,0.903,0.114,0.0769,143.96,1wXxFq5xuCXmf89MWSBgRi,199071,4
21,Natural Blues - Reprise Version,0.508,0.722,11,-6.763,0,0.033,0.00728,0.00106,0.142,0.277,113.995,1EaJEMyJlpnqUjjq9WVhDX,270025,4
22,Go - Reprise Version,0.623,0.749,4,-10.282,0,0.0602,0.0196,0.851,0.114,0.0746,125.025,5iB6E4nQiAVwJE0Rru9Zwc,222940,4
23,Porcelain - Reprise Version,0.413,0.252,11,-13.031,0,0.0291,0.561,0.516,0.113,0.0536,91.925,1XGBLyqwH6sujLodDmKKFv,353878,4
24,Extreme Ways - Reprise Version,0.385,0.346,9,-8.417,0,0.0303,0.482,0.00247,0.0876,0.193,85.007,36y8r06jpFH9vpSfHb0roV,298589,4
25,Heroes - Reprise Version,0.342,0.0951,7,-14.093,1,0.0313,0.881,0.0524,0.126,0.0571,80.062,5TthIRwomwYsxYMiolK5I6,317789,1
26,God Moving Over the Face of The Waters - Reprise Version,0.0728,0.192,7,-14.656,1,0.0395,0.641,0.885,0.106,0.0386,77.031,1PUXYnh9U0s4Y4JaoiEdTJ,461678,3
27,Why Does My Heart Feel So Bad - Reprise Version,0.168,0.333,7,-12.152,1,0.0314,0.157,0.000135,0.117,0.0822,87.956,37I9RiTuOXJSPF5lNdqPwO,278356,4
28,The Lonely Night - Reprise Version,0.204,0.287,0,-13.811,1,0.0292,0.278,0.00231,0.11,0.0951,89.123,4vNctVBHlhWekAxH8Roiny,342857,4
29,We Are all Made of Stars - Reprise Version,0.43,0.308,4,-9.914,0,0.0284,0.84,0.00213,0.0795,0.039,95.015,3gWA7BWwOvGi1vtVdm4ecb,360726,4
30,Lift Me Up - Reprise Version,0.434,0.375,4,-11.022,0,0.0377,0.0839,0.00976,0.0971,0.0528,119.639,6ndmn1sB71WVeWlnzofFxc,322358,4
31,The Great Escape - Reprise Version,0.386,0.158,7,-15.432,1,0.029,0.848,0.00209,0.113,0.1,91.534,5tB90PUq3kSAC8AaArOxJV,171276,5
32,Almost Home - Reprise Version,0.391,0.357,2,-8.807,1,0.027,0.184,0.0,0.0914,0.0621,97.98,450WvSLHMrb8OzZnbnL1iq,327679,4
33,The Last Day - Reprise Version,0.267,0.317,5,-9.853,1,0.0304,0.118,0.00484,0.118,0.0381,98.642,7c9DAiK5SkUxcAEtqR4rcm,312958,4
34,Everloving - Reprise Version / Commentary,0.712,0.376,10,-17.481,1,0.947,0.878,0.0,0.361,0.672,112.005,2e2uDvFIuUWZWedEDA68WF,116000,3
35,Natural Blues - Reprise Version / Commentary,0.801,0.297,3,-18.678,1,0.954,0.927,0.0,0.244,0.811,85.523,3o0ZFlA5546NOp6idpV2m8,48000,5
36,Go - Reprise Version / Commentary,0.733,0.321,10,-18.067,1,0.946,0.907,0.0,0.227,0.68,47.635,70D5KrenAMitHSKpIHMoHu,109480,4
37,Porcelain - Reprise Version / Commentary,0.712,0.295,10,-18.307,1,0.952,0.872,0.0,0.399,0.867,124.672,1jfTi9pLdh4zwllXwaSPye,59147,5
38,Extreme Ways - Reprise Version / Commentary,0.687,0.332,10,-17.549,1,0.963,0.846,0.0,0.353,0.55,84.48,6iqAmdwjxnaILYCKFTSh4F,74813,1
39,Heroes - Reprise Version / Commentary,0.756,0.331,3,-18.496,1,0.95,0.914,0.0,0.241,0.858,89.05,5FJR8gC7nF1CbnCR83kz16,77960,3
40,God Moving Over The Face Of The Waters - Reprise Version / Commentary,0.701,0.298,3,-18.762,1,0.952,0.915,0.0,0.146,0.637,106.165,15IyfyMwoVj0skbth8eyEs,137147,5
41,Why Does My Heart Feel So Bad - Reprise Version / Commentary,0.699,0.361,10,-16.423,1,0.953,0.871,0.0,0.52,0.789,135.115,6I6dQVUWBqqBa3684JKxEo,119867,3
42,The Lonely Night - Reprise Version / Commentary,0.745,0.279,11,-16.876,1,0.931,0.916,0.0,0.323,0.705,98.84,2yiJvYtDaiWRfDI6DAuf43,101347,4
43,We Are All Made Of Stars - Reprise Version / Commentary,0.7,0.357,4,-17.893,1,0.943,0.897,0.0,0.135,0.55,79.499,157oJYnBlLPyWUKVJyiO4O,89947,4
44,Lift Me Up - Reprise Version / Commentary,0.692,0.315,10,-17.146,1,0.965,0.906,0.0,0.325,0.673,73.195,7BYidFV99PrYNNdrvQgFH1,126213,4
45,The Great Escape - Reprise Version / Commentary,0.724,0.357,3,-18.332,0,0.948,0.872,0.0,0.237,0.621,90.146,7tOPLRo4HNWYXREWoVZadY,67827,4
46,Almost Home - Reprise Version / Commentary,0.745,0.248,10,-17.858,1,0.952,0.89,0.0,0.163,0.874,55.506,5Ne6KJLD08mJ6WYD7ORucW,60893,4
47,The Last Day - Reprise Version / Commentary,0.711,0.332,3,-17.872,1,0.954,0.918,0.0,0.245,0.732,128.647,23lQIKbdeeMkJg25O09jDO,120932,5
48,Everloving - Reprise Version,0.386,0.27,9,-11.958,0,0.0319,0.172,0.903,0.114,0.0769,143.96,3sZRuiyycE0wfBJ89nrWQf,199071,4
49,Natural Blues - Reprise Version,0.508,0.722,11,-6.763,0,0.033,0.00728,0.00106,0.142,0.277,113.995,6171kZZWuy1rr6BNNWAxCd,270025,4
50,Go - Reprise Version,0.623,0.749,4,-10.282,0,0.0602,0.0196,0.851,0.114,0.0746,125.025,47fOhgGFdVbwonkUCFZShQ,222940,4
51,Porcelain - Reprise Version,0.413,0.252,11,-13.031,0,0.0291,0.561,0.516,0.113,0.0536,91.925,3sR3H4iuy9y1O8ETVFlemU,353878,4
52,Extreme Ways - Reprise Version,0.385,0.346,9,-8.417,0,0.0303,0.482,0.00247,0.0876,0.193,85.007,5vLzWnQ9Ah9F0d1okSe3xV,298589,4
53,Heroes - Reprise Version,0.342,0.0951,7,-14.093,1,0.0313,0.881,0.0524,0.126,0.0571,80.062,1OgNrfu9S62Ck2Dvh87Y0S,317789,1
54,God Moving Over the Face of The Waters - Reprise Version,0.0728,0.192,7,-14.656,1,0.0395,0.641,0.885,0.106,0.0386,77.031,4srUIHsrWiuUEMa69PUyvw,461678,3
55,Why Does My Heart Feel So Bad - Reprise Version,0.168,0.333,7,-12.152,1,0.0314,0.157,0.000135,0.117,0.0822,87.956,4h6KlJJRdxR9CmXY5ibKAm,278356,4
56,The Lonely Night - Reprise Version,0.204,0.287,0,-13.811,1,0.0292,0.278,0.00231,0.11,0.0951,89.123,1RvndHj1xvKJVfe32aKgIv,342857,4
57,We Are all Made of Stars - Reprise Version,0.43,0.308,4,-9.914,0,0.0284,0.84,0.00213,0.0795,0.039,95.015,4kdU7bqNO7IOgB9QjenYRf,360726,4
58,Lift Me Up - Reprise Version,0.434,0.375,4,-11.022,0,0.0377,0.0839,0.00976,0.0971,0.0528,119.639,2eYmPqheuSib8ThpFoyqgl,322358,4
59,The Great Escape - Reprise Version,0.386,0.158,7,-15.432,1,0.029,0.848,0.00209,0.113,0.1,91.534,7b2qmIQZX4QNkXaITVN0er,171276,5
60,Almost Home - Reprise Version,0.391,0.357,2,-8.807,1,0.027,0.184,0.0,0.0914,0.0621,97.98,3PnRb6whMtPKIg2zfKmOHg,327679,4
61,The Last Day - Reprise Version,0.267,0.317,5,-9.853,1,0.0304,0.118,0.00484,0.118,0.0381,98.642,3w7LCKxf3MTdG5iPwj9Q0H,312958,4
62,Live Ambient 1,0.3,0.00926,11,-28.716,0,0.0487,0.989,0.918,0.0837,0.0757,70.282,4mSSBF3JYiNO1JX8giao1d,651587,3
63,Live Ambient 2,0.125,0.0116,11,-33.705,1,0.0428,0.577,0.94,0.0782,0.0331,82.824,2PTNtcoDYlFDIU5ldol8GC,611893,4
64,Live Ambient 3,0.21,0.0293,4,-27.07,1,0.0377,0.988,0.965,0.0724,0.0376,140.907,5fM1j5Qacw1HSXzKQOixIX,608240,4
65,Live Ambient 4,0.135,0.0641,9,-26.653,1,0.0381,0.955,0.814,0.373,0.0306,144.418,4xwZT7413qIwZEXWL3mnFv,693307,4
66,Live Ambient 5,0.142,0.186,2,-18.703,1,0.0365,0.846,0.905,0.204,0.0389,147.731,1XFPx69InZp4HFwEDJ5Eda,557373,4
67,Live Ambient 6,0.196,0.00375,2,-31.352,0,0.0436,0.946,0.953,0.105,0.074,73.057,6cvlDKCkpxgjp8TEi0OrIZ,536947,3
68,Live Ambient 7,0.12,0.0306,9,-28.282,0,0.0432,0.964,0.954,0.0876,0.0348,73.203,0rnwHUVezjH7ovKVRhkJ5e,583547,3
69,Live Ambient 8,0.225,0.00808,2,-29.825,1,0.047,0.944,0.851,0.0954,0.0313,61.726,6sIDaDtNWydboSKd3rnOWV,415293,5
70,Live Ambient 9,0.183,0.0447,2,-27.063,1,0.0516,0.885,0.925,0.212,0.0357,72.946,6CqdSqzD0NIW84sbYUwFY8,483840,4
71,Live Ambient 10,0.173,0.0471,7,-30.939,1,0.0569,0.858,0.796,0.12,0.0956,137.214,1pzaCqPYnGUKBkQxqroMMb,1632547,4
72,Power is Taken - (Moby's Old School Remix) [Mixed],0.539,0.954,0,-6.861,1,0.0451,0.00295,0.0905,0.102,0.363,128.214,5hMFpW8BCtGTTg6WC6N5HN,294294,4
73,Rise Up In Love - (Moby's Ecstatic Piano Remix) [Mixed],0.52,0.914,9,-6.834,0,0.0608,0.0243,0.279,0.201,0.22,128.099,01dsxmc9mZRycNqdrrNZiz,271678,4
74,Morningside - (Expansive Remix) [Mixed],0.566,0.791,9,-8.414,0,0.0343,0.00441,0.738,0.35,0.194,128.244,6vrASeueIjCUKMfDeFSgN7,299363,4
75,Refuge - (Chris Paul & Raul Campos Remix) [Mixed],0.58,0.949,11,-9.03,0,0.0691,0.00557,0.574,0.251,0.329,128.208,7aUIS1wuBPWTW4XkfU94Zx,285584,4
76,My Only Love (feat. Mindy Jones) - (Vintage Culture Remix) [Mixed],0.556,0.877,4,-9.804,0,0.0484,0.00104,0.735,0.161,0.282,128.193,25hGfgEc1vBwZoPmcJYIxl,268541,4
77,Forever - (Voodoo Child Remix) [Mixed],0.439,0.906,4,-6.426,0,0.055,0.00206,0.969,0.308,0.116,128.31,3oj388VpkUgBgKI2czMJd4,202818,4
78,Power Is Taken - (Felguk Remix) [Mixed],0.652,0.936,11,-7.19,0,0.0498,0.00376,0.682,0.327,0.106,128.17,5i4dcYJjNkdEdGMVumG2uL,292189,4
79,Morningside - (Henry Fong Remix) [Mixed],0.621,0.989,0,-6.294,1,0.0854,0.0201,0.769,0.681,0.183,128.086,3zG4xtBTkgQqpNe2nfaJTv,108404,4
80,My Only Love (feat. Mindy Jones) - (Tale Of Us & Anyma Remix) [Mixed],0.6,0.779,11,-12.359,1,0.0451,0.00847,0.902,0.338,0.093,128.172,4VSNOAwQfMUjXWQyMoPwmd,189775,4
81,Too Much Change - (Analog remix) [Mixed],0.505,0.508,2,-11.582,1,0.0304,0.224,0.356,0.204,0.14,122.126,1vw2WdejDpuhaydFaijVV7,387232,4
82,Refuge - (Mind Against's Dub mix) [Mixed],0.381,0.632,11,-12.776,0,0.0575,0.00842,0.829,0.134,0.0552,125.949,3L2BUkiG5FYPFwoqMPDv9G,357525,4
83,Morningside - (DJ Boring's Escape Mix) [Mixed],0.772,0.765,8,-9.689,1,0.106,0.139,0.892,0.122,0.232,126.064,4hq7qwTX03xCQGWKyzUxzt,177073,4
84,My Only Love (feat. Mindy Jones) - (DJ Poolboi Remix) [Mixed],0.649,0.895,4,-9.533,0,0.0472,0.00915,0.92,0.108,0.208,125.816,5Iq6YBuJoQWpdnLY3eo3JX,245872,4
85,Tecie - (Mind Against's Celestial Remix) [Mixed],0.658,0.845,6,-8.06,1,0.0739,0.000372,0.126,0.109,0.643,125.074,7q7b6wqECfY2RaraUK2R0l,239481,4
86,Morningside - Mixed,0.484,0.794,9,-8.493,0,0.0461,0.0262,0.954,0.148,0.108,125.46,3ZslkCEQZFpTgnlepYCK8T,289111,4
87,Refuge - Mixed,0.575,0.903,4,-9.362,0,0.0538,0.105,0.709,0.622,0.24,125.581,2YjeqJS5bMcsnqhsyflUSw,261528,4
88,Rise Up In Love - Mixed,0.46,0.764,9,-7.645,0,0.0313,0.119,0.0152,0.732,0.19,125.183,2GIPKvLDAAbymmKpAdc1xv,287697,4
89,Forever - Mixed,0.366,0.674,0,-9.29,1,0.0354,0.0079,0.941,0.496,0.264,125.405,1WHUzHAwPK0LatqXVrJClu,298199,4
90,Power Is Taken - Mixed,0.436,0.92,0,-6.642,1,0.0677,0.00189,0.923,0.125,0.123,127.428,0JwoaAbInJmuX7kZSXPAZ7,321694,4
91,My Only Love (feat. Mindy Jones) - Mixed,0.403,0.69,4,-8.429,0,0.0358,0.0633,0.899,0.308,0.204,125.546,2of8qzVn7jrnuMUGxJVJdf,309363,3
92,Too Much Change - Mixed,0.49,0.556,2,-9.999,1,0.0391,0.13,0.278,0.0895,0.0561,120.284,1IWReubB37kVsIsA6e7Hqu,351523,4
93,Tecie - Mixed,0.573,0.831,9,-8.349,0,0.0526,0.00776,0.941,0.0779,0.435,120.566,3oPq9cl22Nta9UCXsrXQjN,382151,4
94,One Last Time - Mixed,0.469,0.685,2,-9.529,0,0.0362,0.0345,0.966,0.234,0.383,120.595,2yrtOL849RDwyqZTAqqxlp,293967,4
95,All Visible Objects - Mixed,0.181,0.465,0,-11.576,1,0.0435,0.575,0.8,0.106,0.0387,110.359,4UQJ956V737SzyZv5QPAMy,551881,4
96,Separation - Mixed,0.146,0.225,2,-16.486,1,0.04,0.963,0.824,0.0938,0.0348,71.825,081FrnnbKLUpRrVjoBTR15,397157,3
97,Morningside,0.597,0.789,9,-7.282,0,0.0405,0.0958,0.924,0.348,0.146,125.431,2jPOcaXTD1Ax1oZTEwDKCI,331040,4
98,My Only Love (feat. Mindy Jones),0.457,0.653,4,-6.016,0,0.0338,0.195,0.775,0.0987,0.231,124.98,702tfKCvQvvP9IbYzgRirO,344520,3
99,Refuge,0.634,0.819,4,-8.601,0,0.0493,0.382,0.476,0.337,0.204,125.989,31C8AK9UOvDaKfkuRO5B0s,344707,4
100,One Last Time,0.571,0.454,2,-8.655,0,0.0292,0.196,0.954,0.109,0.457,118.012,3dbEPcCbpCSISMmbeZo1cz,333653,4
101,Power Is Taken,0.596,0.799,10,-5.219,0,0.0446,0.00175,0.601,0.115,0.215,129.029,0xaHJR2A5Drp5vqBYsD6vu,347747,4
102,Rise Up In Love,0.497,0.679,9,-7.081,0,0.0371,0.52,0.293,0.196,0.172,124.018,3CvzVNK1XTx8Y5cMUzBZ4M,347347,4
103,Forever,0.398,0.539,4,-8.613,0,0.0347,0.00608,0.954,0.0972,0.167,126.222,56bhslk1XERMiG4QwWW8q4,317467,4
104,Too Much Change,0.308,0.457,2,-8.792,1,0.0365,0.59,0.399,0.0871,0.103,120.224,6ggXImjQ9iFZGzNV9wYIM1,586573,4
105,Separation,0.173,0.178,4,-15.369,0,0.046,0.973,0.852,0.0946,0.0366,76.845,627R73QOfmp9yIS81jNvwe,401600,3
106,Tecie,0.518,0.813,9,-7.001,0,0.0511,0.0603,0.956,0.108,0.449,120.003,1JfrfxZVGrtYjbOplPWL9O,452680,4
107,All Visible Objects,0.195,0.44,0,-9.29,1,0.0377,0.814,0.835,0.109,0.0394,112.281,0yWDWypgABszaOkTLuEmh6,557080,4
108,LA12,0.0742,0.0238,4,-28.525,1,0.0481,0.83,0.709,0.126,0.0328,174.848,53Ax4MEWeAguo1zKUUJ4uq,2822656,4
109,LA13,0.156,0.118,9,-28.172,1,0.0457,0.681,0.789,0.0795,0.0557,137.835,7A5CT7Sh7n7Hy2G9KPrgm3,1615590,3
110,LA14,0.0943,0.0421,6,-31.522,1,0.0412,0.669,0.939,0.0941,0.0352,74.569,3C6hD9DlRCQUJVfltTMMoQ,2358033,3
111,LA15,0.14,0.166,0,-29.38,1,0.0378,0.773,0.678,0.13,0.0726,143.816,5qlCzEmmYLjrrlsb5kngR1,1927070,3
112,LA16,0.159,0.134,7,-28.123,1,0.0506,0.181,0.888,0.106,0.0309,139.333,45Rw6B6tiiCGIAVhhGGYS5,1788643,3
113,LA17,0.146,0.0987,9,-28.206,1,0.0421,0.374,0.827,0.0765,0.0283,140.145,2aEW5RFkOKulER8vYmPneM,2556796,5
114,Ceremony of Innocence - Hyperion Remix,0.5,0.714,9,-7.486,1,0.0435,0.00978,0.864,0.103,0.176,139.993,7hw73pIVgY2pJI32io4WpW,370213,4
115,Like a Motherless Child - Broken Places Remix,0.573,0.858,2,-6.335,1,0.0497,0.00176,0.301,0.208,0.241,101.984,3UigcTkkcvBLnq6GVCjE3i,349747,4
116,Falling Rain And Light - Moby's Seas of Light Remix,0.378,0.455,2,-9.38,1,0.0275,0.016,0.688,0.0967,0.189,143.91,0e8SYT0mCy3r07uzHjNHIM,361933,4
117,Mere Anarchy - The Storm Rise Remix,0.591,0.705,9,-9.319,1,0.0544,0.0238,0.77,0.0798,0.371,119.972,7DVwTDVeXk7MkNtGnTaap9,292760,4
118,A Dark Cloud Is Coming - West Side Highway Remix,0.484,0.614,10,-10.446,1,0.0392,0.41,0.937,0.115,0.363,119.986,5k38WtFHMp0SsKNumphnOT,518880,4
119,Falling Rain and Light - Glory Remix,0.44,0.644,7,-9.994,1,0.0479,0.789,0.862,0.0985,0.281,104.923,6W3RDYJQaEu5TavBGwXZe3,633347,4
120,The Sorrow Tree - Post Hominum Remix,0.442,0.735,2,-4.806,1,0.0349,0.000203,0.162,0.098,0.0474,117.986,66u91QmX86VNmdZUFJfYjZ,430053,4
121,Welcome To Hard Times - 3am Remix,0.588,0.698,10,-7.081,1,0.0542,0.268,0.805,0.113,0.27,124.006,0qRNMRM0aacBM2KWbJ0BGe,409360,4
122,A Waste of Suns - Orange Flight Remix,0.551,0.647,0,-11.858,1,0.0372,0.365,0.872,0.186,0.101,120.165,5jPCXxXF6wLUnWLS5wvSSY,341173,4
123,Ceremony of Innocence - Analog Schule Remix,0.53,0.834,9,-8.495,1,0.0479,0.186,0.872,0.131,0.11,123.962,16lDKweao8iCO09SGQPT2f,467840,4
124,Mere Anarchy - Desert Birds Remix,0.539,0.812,1,-9.389,1,0.0379,0.00102,0.947,0.0717,0.168,123.954,5Qxe6oYPpRSDPXUMErJRmF,309147,4
125,The Last of Goodbyes - Vocoder Remix,0.657,0.469,2,-9.886,1,0.0316,0.00668,0.909,0.105,0.0628,126.009,1CCjQuZ5lSHTRILRKP1XM8,337520,4
126,This Wild Darkness - Loaded Remix,0.398,0.432,7,-9.46,1,0.0276,0.751,0.000463,0.229,0.0586,77.96,1QWkIK8DnZTS7Jp2LPkl53,359547,4
127,A Dark Cloud Is Coming - Quiet Remix,0.203,0.444,7,-9.052,0,0.0291,0.955,0.872,0.109,0.0655,139.379,4Tomz2UcUdJKygvHji9A1m,342653,4
128,Falling Rain and Light - Plains of Heaven Remix,0.425,0.638,2,-8.713,1,0.0384,0.155,0.573,0.122,0.142,144.103,3rqCaEftwNfbNQgXPNDfjy,364573,4
129,The Middle Is Gone - Callisto Remix,0.386,0.627,5,-11.728,1,0.0441,0.673,0.933,0.0761,0.0878,100.97,32PsgXK2zPouCXTFzygi6D,427053,4
130,Welcome To Hard Times - World's End Remix,0.562,0.61,2,-7.785,0,0.0279,0.376,0.153,0.117,0.147,87.979,0NcUYNPnH49ApFAgRven8m,351280,4
131,The Tired And The Hurt - Cold Unbroken Seas Remix,0.304,0.669,7,-7.203,1,0.0313,0.405,0.556,0.099,0.131,77.612,2rxFIBjqyKILAvqaPN0SNJ,282907,4
132,The Middle Is Gone - Light Shining Down Remix,0.534,0.725,7,-9.566,1,0.0845,0.346,0.892,0.178,0.201,124.005,0COF8zgg2hhXsHQu150uka,470000,4
133,The Sorrow Tree - The Daughters of Cain Remix,0.163,0.493,4,-6.97,0,0.0297,0.00126,0.00387,0.362,0.0792,79.624,5VfpiaXvrWu9LVHoM4Qo7E,240720,3
134,The Last of Goodbyes - Living Room Remix,0.279,0.579,7,-10.865,1,0.0426,0.445,0.94,0.116,0.122,72.206,0EINQKOUl7ITy3yGhxf9I7,431987,3
135,Like a Motherless Child - Advent Remix,0.277,0.696,11,-8.248,0,0.0422,0.742,0.865,0.0849,0.0388,101.924,16vhaDIRwNOPFKK7LtBkFs,391280,4
136,The Middle Is Gone - The Face of Dawn Remix,0.353,0.777,11,-8.002,0,0.0442,0.0165,0.877,0.254,0.0633,147.995,0QrZJKJl15JT3JlZ9jlaxN,536667,4
137,Welcome To Hard Times - The Light Inside The Fire Remix,0.249,0.612,2,-9.583,0,0.0341,0.164,0.038,0.123,0.21,175.187,4xqNgXvuTRMm8EpTLQy4RU,424867,3
138,The Last of Goodbyes - Criminal Solace Remix,0.443,0.268,2,-12.944,1,0.0305,0.533,0.935,0.109,0.171,74.958,5ZqaQ49H75lpiq7RvBCDU0,617281,1
139,Falling Rain & Light - EastWest Session,0.414,0.598,2,-8.19,1,0.0359,0.533,0.49,0.13,0.152,143.986,30X75268mPnytjz568fH2S,279880,4
140,Ceremony of Innocence - EastWest Session,0.424,0.425,2,-7.44,1,0.0356,0.294,0.731,0.0845,0.124,140.004,0EfOWgij1RTmTVVMWlxd2L,337213,4
141,The Sorrow Tree - EastWest Session,0.167,0.754,4,-6.332,0,0.0463,0.696,0.194,0.143,0.196,167.793,66Scf5UvUodqCg5SuXBqZH,227587,4
142,Like A Motherless Child - EastWest Session,0.556,0.896,4,-4.953,0,0.058,0.111,0.255,0.0831,0.253,102.013,6TjJIXGmTLFzmcmhAQYs44,321253,4
143,The Middle Is Gone - EastWest Session,0.528,0.535,5,-9.386,1,0.0299,0.612,0.914,0.0715,0.0427,92.026,5x62YR3PcRlHT1Nv0WjsRf,322067,4
144,This Wild Darkness - EastWest Session,0.396,0.503,7,-7.799,1,0.0291,0.737,0.000107,0.124,0.12,77.937,19eKDgUbvNNg1pRFUuBJdO,338840,4
145,Mere Anarchy - EastWest Session,0.15,0.547,1,-7.019,0,0.0378,0.235,0.604,0.086,0.106,150.198,7dyclYn6jjaCUkncTtf7MB,316560,4
146,The Tired And The Hurt - EastWest Session,0.199,0.458,2,-7.143,1,0.0323,0.363,0.712,0.0906,0.121,74.4,0X9nZKFPmg6AhpOyIi9ZBk,266373,4
147,The Last of Goodbyes - EastWest Session,0.206,0.492,4,-9.904,0,0.0435,0.954,0.938,0.0944,0.116,101.946,2BdWsulXoQ7cuoqlhmNlKl,270941,5
148,Mere Anarchy,0.39,0.743,1,-8.173,0,0.0409,0.142,0.774,0.0884,0.171,150.055,0kVv6aDiFJD1UcaayONAWu,315080,4
149,The Waste Of Suns,0.392,0.727,11,-7.488,0,0.0545,0.313,0.923,0.123,0.347,170.146,3zsNZn4KtTq4Su5hyyWjyW,284547,4
150,Like A Motherless Child,0.667,0.901,4,-5.375,0,0.206,0.0691,0.876,0.0981,0.136,102.018,2ULxyIwSLAV2UhGRWfijd1,277053,4
151,The Last Of Goodbyes,0.415,0.674,4,-8.238,0,0.0893,0.92,0.958,0.114,0.355,150.001,5RyMmBTwn8wlLgK4qasKsf,263573,4
152,The Ceremony Of Innocence,0.546,0.722,2,-9.147,1,0.0379,0.252,0.266,0.11,0.486,140.041,0RLhKn2GJ1zNw40UaGQfx6,236533,4
153,The Tired And The Hurt,0.393,0.61,7,-9.823,1,0.127,0.558,0.497,0.108,0.403,156.108,1YFu04wTq9i9Vvh5PK3wdj,268133,4
154,Welcome To Hard Times,0.461,0.485,0,-11.859,1,0.0343,0.605,0.0182,0.086,0.302,87.491,2G7qIlRTXO0eivib8p48l6,308920,4
155,The Sorrow Tree,0.426,0.812,2,-8.215,1,0.05,0.371,0.939,0.121,0.394,168.025,6lhF9OV5S7wBNlsNinDH5c,268587,4
156,Falling Rain And Light,0.533,0.651,11,-9.748,0,0.0402,0.701,0.805,0.0847,0.344,144.01,4rwXMUGnPe0C2fYGi7mzFm,286373,4
157,The Middle Is Gone,0.589,0.775,0,-7.419,1,0.0282,0.135,0.798,0.0996,0.159,92.009,0qpmdTccZydu7V6tsK6qHd,313093,4
158,This Wild Darkness,0.527,0.633,7,-8.369,1,0.0305,0.804,0.000274,0.103,0.364,78.0,5LwuYetop8ym6rbX86DGs3,249280,4
159,A Dark Cloud Is Coming,0.532,0.484,2,-7.702,0,0.0251,0.891,0.78,0.108,0.228,69.996,7uGJ44u1YqTmsvioQv9vQe,324894,4
160,Silence,0.481,0.994,2,-3.954,0,0.166,0.0357,6.61e-05,0.546,0.326,170.006,6mGZMGhz2EQFML93Bd7z1B,236013,4
161,A Softer War,0.361,0.989,7,-4.253,1,0.0462,0.0426,0.0292,0.352,0.375,175.066,1tlH6dJ6eT3Be2Aj1Ux8Rj,269000,4
162,There's Nothing Wrong with the World There's Something Wrong with Me,0.413,0.962,9,-4.418,1,0.0698,0.0113,0.000979,0.09,0.366,154.98,3YyzTLbKUbeYfTkkjAIkAS,231693,4
163,Trust,0.419,0.993,2,-3.612,1,0.0997,0.0115,0.0,0.0805,0.365,174.964,1CfMC7b4us27FPo1cVp1wY,169640,4
164,All the Hurts We Made,0.341,0.969,4,-4.301,0,0.0795,0.0139,0.0345,0.143,0.196,162.031,5KoxdhOtAlHCABG0yOnpPi,306053,4
165,In This Cold Place,0.492,0.95,7,-4.556,1,0.0649,0.0362,0.0892,0.101,0.62,155.027,0iRRTpiGkQMHlvfJPO2u0w,236987,4
166,If Only a Correction of All We've Been,0.415,0.98,9,-5.159,1,0.0824,0.0224,0.0366,0.155,0.521,169.995,5cDXn6fRKDtf4kGV2KSpAJ,325253,4
167,It's So Hard to Say Goodbye,0.363,0.966,0,-5.271,1,0.126,0.0131,0.0,0.097,0.181,180.019,2sipT7jXyzFuDS20mnfViU,207160,4
168,A Happy Song,0.358,0.992,2,-4.518,1,0.126,0.0117,0.000893,0.0985,0.194,194.983,4T8P3iU9VLz0IhzVLE12jf,168587,4
169,Hey! Hey!,0.343,0.955,7,-2.374,1,0.0906,0.000354,0.0502,0.114,0.543,164.95,6fu5TJBMTb8EKYuoMBtmwH,263267,4
170,Break. Doubt,0.459,0.844,9,-3.924,0,0.0499,0.000142,0.00162,0.0809,0.388,164.957,5p4G8ouz97IVuAqQm6A1v8,252600,4
171,I Wait for You,0.41,0.988,11,-3.866,0,0.1,0.0808,0.000379,0.737,0.518,83.942,44kf73VD17ejd0zndr92JB,239893,4
172,Don't Leave Me,0.521,0.86,7,-3.836,1,0.0322,0.00611,0.0252,0.126,0.24,115.025,7peMxmeSMhbxQtTYs7xvfx,278853,4
173,Erupt & Matter,0.459,0.948,4,-3.375,0,0.107,0.000993,0.000287,0.0956,0.512,75.013,6n3O64DiYYi9yd4fFuCnca,249293,4
174,Are You Lost in the World Like Me?,0.369,0.922,0,-3.714,1,0.0347,2.64e-05,0.0114,0.147,0.14,159.965,2WPXvQVeI8iatEijvn9GMZ,266920,4
175,A Simple Love,0.419,0.889,7,-3.908,1,0.048,0.000133,0.0203,0.118,0.476,74.98,49Njxg0LpbRLXnKMebCXO9,279453,4
176,The Light Is Clear In My Eyes,0.342,0.872,0,-3.116,1,0.0448,5.03e-06,0.00367,0.119,0.316,150.067,20oI3C00C7gREievhaUAbJ,207200,4
177,And It Hurts,0.436,0.89,11,-3.47,0,0.0374,2.33e-05,0.916,0.0635,0.39,92.521,5NdCNAJAO2ZsxD4Mmfe310,113653,4
178,Porcelain - Luca Agnelli Remix,0.711,0.675,6,-9.904,0,0.0835,0.00861,0.821,0.109,0.285,126.998,1BntWmKokYMMREPK0lqtp7,471996,4
179,Go - Bart Skils Remix,0.635,0.806,11,-8.623,0,0.0407,0.00165,0.942,0.0966,0.0788,126.007,20qwUWcOftbnnSEXxr1cVZ,551708,4
180,Why Does My Heart Feel so Bad - Enrico Sangiuliano Remix,0.765,0.733,7,-7.113,1,0.0527,0.000372,0.589,0.0951,0.0812,124.996,0EdB5HMwb1KBk4NGqpP6rM,434687,4
181,Porcelain - Alan Fitzpatrick's Late Night Dub,0.736,0.655,11,-9.812,0,0.0467,0.0184,0.914,0.117,0.0621,124.001,7LF9Snih0ILJX3KTpfhyix,481936,4
182,Go - Tiger Stripes White Tail Remix,0.782,0.697,1,-6.768,1,0.0675,0.000385,0.921,0.257,0.49,127.012,0NHgBjHN9NJ0MF28GNvagV,428976,4
183,Natural Blues - Dense & Pika Remix,0.901,0.624,7,-7.969,1,0.111,0.0123,0.703,0.0769,0.349,126.011,7aNymd76qYe8jQMRzXLGbD,430427,4
184,Go - Manic Brothers Remix,0.743,0.702,11,-7.601,0,0.0322,0.000172,0.91,0.634,0.0343,128.001,2Chw1XEtYYrb2GqR3C1LdW,547500,4
185,Natural Blues - Marco Faraone's Whitelandvox Remix,0.616,0.828,11,-9.192,0,0.053,0.118,0.858,0.112,0.388,128.004,3Eznjlk2zQPFvW8mBKLyrZ,438958,4
186,Go - Tiger Stripes Black Lodge Remix,0.935,0.553,1,-10.263,1,0.0623,0.00666,0.896,0.122,0.564,126.014,7GXvT6FtvFcbuyM9vAF5f7,442381,4
187,Kapitel 1 - Porcelain,0.575,0.201,9,-25.395,0,0.961,0.627,0.0,0.22,0.407,194.836,2ZLnDr0AtLado4AGDXZAPN,190924,4
188,Kapitel 2 - Porcelain,0.675,0.201,8,-26.048,1,0.961,0.599,0.0,0.597,0.423,95.376,2DT8Ng855sghxxwoaCImeA,186534,4
189,Kapitel 3 - Porcelain,0.669,0.226,8,-25.239,1,0.951,0.674,0.0,0.408,0.383,97.173,1uaDHG4f2dIV6xufDakCbe,191082,3
190,Kapitel 4 - Porcelain,0.665,0.209,8,-25.449,1,0.933,0.77,0.0,0.199,0.496,128.37,79aO6UFhbaSgknDPmLDGld,192515,4
191,Kapitel 5 - Porcelain,0.651,0.228,8,-25.891,1,0.935,0.684,0.0,0.311,0.56,132.295,2mlww1nSk3kUSFPcChS84m,183940,3
192,Kapitel 6 - Porcelain,0.66,0.199,8,-25.9,1,0.946,0.652,0.0,0.502,0.554,116.787,32cKHQWjVGzr8IpCYljDt5,186821,4
193,Kapitel 7 - Porcelain,0.609,0.196,0,-25.419,0,0.949,0.582,0.0,0.306,0.371,89.107,0xjEjSUsknALX3KZCAOdf0,185265,3
194,Kapitel 8 - Porcelain,0.7,0.233,5,-25.158,0,0.941,0.502,0.0,0.142,0.357,106.694,620zXGjUHNHvJ5HUC2LvX3,182065,3
195,Kapitel 9 - Porcelain,0.649,0.221,0,-25.089,0,0.952,0.754,0.0,0.38,0.595,137.934,1sHJkvmQoKi9sA6IYhEQ8X,195156,5
196,Kapitel 10 - Porcelain,0.671,0.205,8,-25.055,1,0.949,0.721,0.0,0.234,0.414,111.969,3ReJVSFC0cl7LpKW991pMU,195840,5
197,Kapitel 11 - Porcelain,0.626,0.241,9,-24.715,0,0.957,0.722,0.0,0.379,0.321,147.8,66kkcxoHo8DSb5BCSLq5BL,183338,3
198,Kapitel 12 - Porcelain,0.627,0.229,5,-25.312,0,0.964,0.689,0.0,0.297,0.596,83.236,1fhyFgzrBUOSCbyamrxYgG,188808,4
199,Kapitel 13 - Porcelain,0.687,0.22,0,-24.939,0,0.951,0.734,0.0,0.368,0.524,116.416,5KreoEZE8My1zfLpl3cTvQ,190537,3
200,Kapitel 14 - Porcelain,0.695,0.22,8,-24.149,1,0.95,0.628,0.0,0.692,0.309,129.835,7sf8DSVHSvbDLBiGmDzLmR,186785,5
201,Kapitel 15 - Porcelain,0.68,0.238,9,-23.01,0,0.956,0.647,0.0,0.423,0.537,112.019,0dcjSsipcUfv2lkiOyq2tT,187311,5
202,Kapitel 16 - Porcelain,0.624,0.241,7,-24.169,0,0.963,0.608,0.0,0.546,0.371,159.875,6zJtYjS11qljYJRF5gd2af,182040,1
203,Kapitel 17 - Porcelain,0.681,0.228,8,-24.043,1,0.957,0.74,0.0,0.329,0.577,124.79,793J4t8xOQ4hGZ6AXfNn6l,194560,3
204,Kapitel 18 - Porcelain,0.592,0.188,8,-24.782,1,0.964,0.697,0.0,0.297,0.443,71.888,0QwNAi3ql9QwmQpfgWhAm2,181859,3
205,Kapitel 19 - Porcelain,0.598,0.206,5,-25.192,0,0.963,0.67,0.0,0.33,0.422,89.133,1ujdamVwmAtFpJoUf6QItD,182886,4
206,Kapitel 20 - Porcelain,0.619,0.202,8,-25.603,1,0.959,0.635,0.0,0.362,0.38,84.407,3ZwN5QOmAsj53wnsrCuQIX,189870,4
207,Kapitel 21 - Porcelain,0.568,0.206,9,-26.15,0,0.963,0.614,0.0,0.249,0.476,169.049,0OBy8YQUb6HzxQXxQpZ0nW,184823,3
208,Kapitel 22 - Porcelain,0.684,0.248,8,-23.58,1,0.952,0.709,0.0,0.317,0.443,121.759,6mkquuRl5YWAxk20kgDP0h,182634,5
209,Kapitel 23 - Porcelain,0.683,0.218,1,-24.147,1,0.956,0.737,0.0,0.298,0.548,112.451,3a8bR43cpsH8MWJ9forNXj,185077,4
210,Kapitel 24 - Porcelain,0.594,0.224,0,-23.738,0,0.97,0.731,0.0,0.265,0.331,200.537,3peXsw7kFIyzcqlnTzsxT8,183407,4
211,Kapitel 25 - Porcelain,0.661,0.18,0,-24.208,0,0.963,0.74,0.0,0.387,0.507,100.011,38KjK19IfrhXXHE8LV4fHZ,181099,3
212,Kapitel 26 - Porcelain,0.645,0.199,9,-25.535,0,0.963,0.68,0.0,0.281,0.423,85.57,0VjFQbyHePVyBUCiiQreJn,183989,1
213,Kapitel 27 - Porcelain,0.635,0.232,0,-23.908,0,0.962,0.725,0.0,0.426,0.493,96.104,1Yp1jElx64Kg6tws6nDlkb,184700,4
214,Kapitel 28 - Porcelain,0.602,0.153,0,-25.03,1,0.962,0.672,0.0,0.303,0.332,168.353,3hFd9ErcfSDbJe7ZVT9ApF,182534,1
215,Kapitel 29 - Porcelain,0.694,0.2,0,-23.839,0,0.958,0.644,0.0,0.341,0.306,128.846,70Zlq4teycxcbdG2GOunVo,184024,5
216,Kapitel 30 - Porcelain,0.694,0.197,0,-24.485,1,0.957,0.57,0.0,0.144,0.321,125.605,0GiK7i6V4qoExN9f1EOHfH,183639,5
217,Kapitel 31 - Porcelain,0.676,0.224,0,-24.496,1,0.965,0.525,0.0,0.241,0.231,81.425,4Q2GLA3AsQeYnRqjSIF4wq,181484,3
218,Kapitel 32 - Porcelain,0.584,0.193,8,-25.498,1,0.965,0.612,0.0,0.405,0.29,171.192,0QPzYQKVt6Wk6MH5zashhQ,181362,3
219,Kapitel 33 - Porcelain,0.608,0.182,10,-24.399,1,0.965,0.721,0.0,0.343,0.392,170.663,6CKN5xAM9h4wGFl4hSNJvQ,188531,1
220,Kapitel 34 - Porcelain,0.69,0.173,7,-25.206,1,0.959,0.627,0.0,0.398,0.336,107.118,1OKdK3VJfnNGZE0vG15IIm,185180,5
221,Kapitel 35 - Porcelain,0.715,0.173,8,-23.596,1,0.956,0.522,0.0,0.251,0.357,106.026,1hV4mbZFoPG7ZrmFd6pvmX,183847,3
222,Kapitel 36 - Porcelain,0.591,0.193,8,-24.8,1,0.963,0.598,0.0,0.391,0.326,166.147,42ZmD7KNc99rYQrcyFRpfb,183106,3
223,Kapitel 37 - Porcelain,0.603,0.203,9,-23.678,0,0.966,0.676,0.0,0.373,0.325,170.772,7nZpTgUJO0vjbVayNYwjJW,183216,3
224,Kapitel 38 - Porcelain,0.692,0.191,0,-23.278,0,0.958,0.778,0.0,0.181,0.494,107.052,3hyj3nrdRx4sS44g5UqgoM,182525,5
225,Kapitel 39 - Porcelain,0.603,0.255,0,-23.497,0,0.956,0.682,0.0,0.293,0.341,85.975,46dwj7VC8K5PNlI0Bqjk1u,186706,3
226,Kapitel 40 - Porcelain,0.613,0.231,5,-23.04,0,0.965,0.705,0.0,0.22,0.404,172.547,2u1RifNgUGqBYrjaXiIP1L,188451,5
227,Kapitel 41 - Porcelain,0.664,0.23,5,-23.925,0,0.956,0.725,0.0,0.64,0.495,138.262,1oL6OQd5jneyeWlsYx5jeu,181366,4
228,Kapitel 42 - Porcelain,0.685,0.218,0,-24.056,0,0.955,0.529,0.0,0.325,0.368,130.74,4KwR55KJvNeipvuNRA6BWo,180246,3
229,Kapitel 43 - Porcelain,0.605,0.176,0,-23.704,0,0.963,0.653,0.0,0.269,0.43,83.416,6Pl7XqOpBwzC6uKZqMXBzY,185022,1
230,Kapitel 44 - Porcelain,0.665,0.248,9,-23.568,0,0.955,0.6,0.0,0.233,0.409,95.852,5rCazrUA7Gz8JMATPfBHkX,182841,4
231,Kapitel 45 - Porcelain,0.709,0.272,8,-22.395,1,0.941,0.721,0.0,0.313,0.334,114.645,5Kl3K2iAxqH4TEl25Rtgm8,180865,5
232,Kapitel 46 - Porcelain,0.6,0.199,5,-23.989,0,0.957,0.758,0.0,0.182,0.434,164.954,6HxC4hSy9UQH3SdhV89uI3,184735,5
233,Kapitel 47 - Porcelain,0.585,0.184,1,-24.789,1,0.958,0.706,0.0,0.272,0.359,169.633,2H6f3KVDY7Ui9ArpVS5WIO,181439,5
234,Kapitel 48 - Porcelain,0.657,0.236,8,-24.158,1,0.956,0.649,0.0,0.426,0.249,98.215,6Z7T3LDA4qpD15O7hCacQp,184090,5
235,Kapitel 49 - Porcelain,0.699,0.224,8,-23.824,1,0.944,0.653,0.0,0.359,0.325,129.677,44Kkno4h7HrFkBHFrLLxCw,184425,5
236,Kapitel 50 - Porcelain,0.689,0.238,0,-23.189,0,0.958,0.732,0.0,0.248,0.409,138.977,7ax95jQpXYt48B8mvd7udP,181404,3
237,LA1,0.152,0.103,0,-24.723,1,0.0468,0.978,0.842,0.0721,0.0297,142.17,2JzPcB8bqsAPZOxKGxZtrO,1252800,4
238,LA2,0.14,0.0409,0,-34.588,1,0.0421,0.901,0.849,0.102,0.0313,141.426,3NQTi32tu6uHtQeAaSy0sb,1139450,3
239,LA3,0.211,0.22,6,-22.794,1,0.047,0.45,0.898,0.137,0.0322,138.088,6GLs8YL3OCPAvbE1MRcTFB,1372392,4
240,LA4,0.141,0.0228,5,-34.542,1,0.0471,0.987,0.946,0.0929,0.0496,141.388,6eDznKOPnlgwhmoQh098l1,1051771,4
241,LA5,0.151,0.00338,0,-35.422,1,0.0434,0.956,0.767,0.12,0.0239,135.349,5PJJHXzJuihJJAEry4UUTY,2139038,3
242,LA6,0.246,0.168,2,-29.557,1,0.0567,0.968,0.878,0.0481,0.0729,132.184,39RIOupRncULinscKsYLvA,1153333,4
243,LA7,0.0667,0.0285,0,-29.542,1,0.0453,0.846,0.683,0.1,0.0336,73.257,1E2jzQWv9sMeVlAxdOEcLy,1084800,4
244,LA8,0.141,0.0228,0,-32.51,1,0.0464,0.902,0.777,0.137,0.0362,140.696,3h2gMCEkFgERMeYN8bx7op,1207500,3
245,LA9,0.181,0.06,4,-31.977,1,0.0487,0.885,0.886,0.0965,0.0323,138.505,16tF1kTPVcqG5LOI4R1pZG,1652518,5
246,LA10,0.156,0.106,7,-29.575,1,0.0506,0.196,0.927,0.106,0.0281,136.662,2OELlczVB3SORQ47ZlU3nL,1414587,3
247,LA11,0.146,0.0279,0,-37.429,1,0.0571,0.788,0.972,0.103,0.0295,138.167,7ExMVK1rtW7rZnrYlj6ABP,1224156,5
248,Swear,0.553,0.322,4,-20.381,0,0.055,0.609,0.909,0.105,0.081,122.032,0KR0kqO97TdpJp3zuCnreD,400333,4
249,Snowball,0.167,0.0167,0,-23.164,1,0.0467,0.833,0.608,0.122,0.0357,126.829,2IWJDwE29xn52IdKG7BVpW,266093,4
250,Blue Paper,0.472,0.296,4,-16.379,1,0.0279,0.551,0.764,0.0801,0.0598,84.979,0sxwYboFGVQAsyGkinZdDy,367547,4
251,Homeward Angel - Long Version,0.345,0.231,7,-15.51,1,0.0434,0.801,0.966,0.293,0.0659,121.423,1aIiWoEBygwovFTV95xJmm,657493,3
252,Chord Sounds,0.169,0.263,9,-15.226,1,0.0368,0.944,0.789,0.153,0.0354,130.134,4qMfc9eKdZwUp58UkduAZy,445067,4
253,Not Sensitive,0.251,0.143,9,-26.819,0,0.0453,0.958,0.95,0.0744,0.104,70.582,08w8vVwce0lz7b6foV0P0g,190267,4
254,Lilly,0.222,0.072,4,-23.743,0,0.0437,0.988,0.919,0.159,0.0534,133.198,60g92Twmqkwam8ISElplKf,234040,5
255,May 4 Two,0.106,0.0271,0,-24.199,1,0.0438,0.838,0.863,0.115,0.029,78.49,4B4aNiOPEueVw8ubhbp0BK,490783,3
256,The Come Down,0.261,0.0606,4,-21.687,1,0.0465,0.969,0.9,0.0781,0.0324,69.054,1BoFHZ8hwktbN0uzG5E5XB,318133,4
257,Overland,0.124,0.0602,9,-26.929,1,0.0398,0.91,0.737,0.104,0.0335,72.106,4Wu2Obrb7TT4P1gEdALAt3,409160,4
258,Live Forever,0.156,0.0186,4,-32.27,1,0.0421,0.972,0.961,0.11,0.0357,85.31,22lVhXU70qGAHR16cO8Z0b,435520,3
259,Aerial,0.132,0.0664,4,-26.29,1,0.0447,0.674,0.943,0.0821,0.0369,67.416,6Aw2Qy5yx54nAlVBt3oe22,348853,3
260,Spaired - Long Version,0.18,0.32,7,-18.06,1,0.0874,0.383,0.988,0.0719,0.0381,79.291,4gHnWnCYtLSXEgvyvskI1S,471100,4
261,Live Forever - Long Version,0.0648,0.0532,8,-27.555,0,0.0487,0.963,0.933,0.0703,0.0313,70.239,7xyllzIwIQyuAOVaZcWolG,940222,4
262,Everything That Rises - Live,0.433,0.588,11,-18.435,0,0.0396,0.0155,0.834,0.387,0.147,103.596,28tAtIel5CSu4FgAPtbHOY,215853,4
263,Saints (feat. Inyang Bassey) - Live,0.505,0.686,0,-12.029,1,0.0787,0.234,0.0481,0.538,0.289,109.844,6ixXoaiBJilqmFa8B1nV1V,415240,4
264,Don't Love Me (feat. Inyang Bassey) - Live,0.417,0.655,4,-13.114,0,0.0567,0.135,1.99e-05,0.355,0.624,170.223,4OMWYrPC6Rpe1rxN5n4o2r,338920,4
265,A Case for Shame - Live,0.412,0.338,0,-16.061,1,0.0394,0.327,0.0103,0.668,0.153,72.025,0w39fY4r7FDIx7sEgZfvkh,363933,4
266,The Last Day - Live,0.349,0.609,9,-10.734,0,0.0485,0.0027,0.0289,0.673,0.155,98.951,3SJUjoiG4TDnyyCsvoIorc,442000,4
267,A Long Time (feat. Inyang Bassey) - Live,0.55,0.496,7,-13.761,1,0.0411,0.26,0.00958,0.652,0.341,93.073,0mzfk6Q63rETLhZ0pTWi3f,366867,4
268,The Lonely Night - Live,0.476,0.3,0,-15.891,1,0.0273,0.15,0.114,0.582,0.166,89.979,0piqE8sMZvun3M3hLG2bcC,417053,4
269,Almost Home - Live,0.314,0.334,2,-15.343,1,0.0356,0.566,0.000522,0.707,0.173,184.989,4rvikhvplhwTko4MJKgBC9,467560,4
270,Tell Me - Live,0.554,0.382,6,-17.175,0,0.0626,0.159,0.00034,0.425,0.275,137.982,7HQaNJHTmhma05nuBlBGoZ,407813,4
271,The Dogs - Live,0.313,0.42,0,-10.771,1,0.0331,0.139,0.00108,0.633,0.193,175.999,7kVu3GMXVINLgI5HosCmnn,625293,4
272,The Perfect Life - Live,0.398,0.57,5,-12.731,1,0.0301,0.187,9.42e-05,0.644,0.46,182.085,6nJolQTYfUzQJjdQD2g5xO,507040,4
273,The Perfect Life - Acoustic Reprise Live,0.412,0.388,4,-14.472,1,0.0274,0.659,0.0,0.651,0.34,88.575,2GgTqCdD7mQUi2hOIwOgsY,328400,4
274,Everything That Rises,0.555,0.631,11,-10.006,0,0.0273,0.0103,0.921,0.173,0.357,103.511,14HIdxjtUXElHhIQ862fek,276939,4
275,A Case For Shame (feat. Cold Specks),0.426,0.418,0,-11.657,1,0.0357,0.736,0.0257,0.0608,0.0785,143.719,2DItEBAPaXbxNOz1z7z9qx,363814,4
276,Almost Home (feat. Damien Jurado),0.413,0.541,2,-9.016,1,0.0282,0.291,0.392,0.181,0.125,91.938,6pxqE7sMz1qdb24v2y2FX0,359843,4
277,Going Wrong,0.197,0.193,7,-14.432,1,0.0346,0.635,0.844,0.126,0.0584,74.293,3NXJ4EKTFoqt13gpRzFWJ6,223083,5
278,The Perfect Life (feat. Wayne Coyne),0.425,0.632,5,-7.615,1,0.0282,0.0212,0.0,0.253,0.354,90.993,5S4raUxhcgcELXtWh3G5yQ,362180,4
279,The Last Day (feat. Skylar Grey),0.42,0.598,9,-10.071,0,0.0432,0.157,0.456,0.0996,0.215,99.035,5FMMPR70RZ0OW6GPey5Smu,279659,4
280,Don't Love Me (feat. Inyang Bassey),0.287,0.862,11,-7.263,0,0.186,0.08,0.0887,0.296,0.295,170.039,53dI9LkPCOjQR5Xc4hjgTf,259221,4
281,A Long Time,0.472,0.668,7,-10.049,1,0.0537,0.0892,0.741,0.139,0.302,93.058,5kfZzQiKoWwjmIhNYXGcSh,270084,4
282,Saints (feat. Inyang Bassey),0.441,0.695,9,-9.901,0,0.0291,0.00257,0.931,0.166,0.0943,110.022,6A0g1FrzoVyQjXQe2O48WU,273705,4
283,Tell Me (feat. Cold Specks),0.395,0.71,6,-9.202,0,0.105,0.245,0.43,0.165,0.262,137.987,4Wxj43zb4xCyTbiYD32kKh,332250,4
284,The Lonely Night (with Mark Lanegan),0.216,0.255,0,-14.762,1,0.0301,8.75e-05,0.61,0.0938,0.0396,90.601,7hiuPjwwT9EgajJGpKrDgi,292582,4
285,The Dogs,0.0745,0.505,5,-10.919,1,0.0344,0.015,0.792,0.0923,0.0808,178.91,1MfoEbZIDMpCdWhUif2epX,562559,3
286,Blue Moon - Holy Ghost! Remix,0.655,0.937,9,-6.529,0,0.0567,0.000278,0.806,0.0919,0.52,121.405,3qGy7YQhNcX049KrVYbIdd,355398,4
287,Lie Down In Darkness - Arno Cost Remix,0.549,0.721,2,-7.639,1,0.0374,0.00517,0.906,0.105,0.132,125.986,1GMwMTW5QgMa8INj27N6PT,438213,4
288,Sevastopol - John Lord Fonda Cathedral Mix,0.66,0.827,6,-8.597,1,0.0412,0.0179,0.903,0.089,0.343,125.023,5xXzueZ306nhukObb0TZVJ,312271,4
289,The Day - Basto! Remix,0.627,0.861,0,-3.219,1,0.0375,0.00377,0.148,0.4,0.283,124.996,2eODk0yNCaDZQySruHJYG3,391843,4
290,Lie Down In Darkness - Bassjackers Remix,0.715,0.685,7,-5.693,1,0.0446,0.000797,0.788,0.0452,0.446,128.0,00tdpscjzKWktO5PDrN3OQ,361807,4
291,After - Ferry Corsten Remix,0.363,0.793,10,-12.264,0,0.0534,1.49e-05,0.803,0.0253,0.0809,130.019,7Gin6cUY2EcOyROSfyeAHF,446707,4
292,The Low Hum - System Divine Remix,0.775,0.709,6,-4.562,0,0.0421,0.000305,0.837,0.0675,0.503,126.989,6zPKf6SlzC6ge8AxCiXJd1,413756,4
293,Victoria Lucas (feat. Inyang Bassey) - Sasha Remix,0.757,0.501,2,-10.438,1,0.0488,0.00516,0.894,0.0763,0.479,125.992,2z9jcTJwQD8QF37LKDIGn0,563861,4
294,Lie Down In Darkness - Paul Van Dyk Remix,0.702,0.786,2,-4.406,1,0.0401,0.00679,0.845,0.0935,0.0704,128.001,7pg71mrMZZxRKN6Ny1Vks8,549533,4
295,The Day - Eddie Thoneick Remix,0.821,0.596,0,-7.155,1,0.0522,0.0086,0.0801,0.0883,0.279,127.99,5BBiD6fFdxG31ZulUulFKX,454252,4
296,Lie Down In Darkness - Gregor Tresher Remix,0.736,0.636,0,-9.526,1,0.0448,0.000388,0.0198,0.115,0.826,125.996,306mFJsseRxee5RKubaZXO,345246,3
297,The Right Thing (feat. Inyang Bassey) - Kleerup Remix,0.619,0.907,9,-13.451,0,0.0399,0.0919,0.773,0.0897,0.711,119.976,6Rqth9VXVFs3cZ5R6C5LZE,460653,4
298,After - Tommy Trash Remix,0.695,0.883,1,-2.573,1,0.0563,0.00161,0.804,0.0643,0.287,127.989,2DufCKavaCm5LiDMkj93uU,362344,4
299,Lie Down In Darkness - Photek Remix,0.531,0.817,7,-5.276,1,0.0415,0.186,0.806,0.0926,0.0943,144.022,04Notrb32vpGp1PB3hHma7,335312,4
300,The Day - Yeasayer Remix,0.505,0.842,0,-5.889,1,0.0345,0.108,0.00503,0.186,0.106,108.007,60sNmdijOzqueaVPJDHACu,288811,4
301,The Right Thing (feat. Inyang Bassey) - Dan Levy from The Dø Remix,0.182,0.856,4,-4.562,0,0.0799,0.186,0.0529,0.478,0.139,175.817,7xs1zUh8x0y5yOYexqxUW7,263507,4
302,The Poison Tree (feat. Inyang Bassey) - David Lynch Remix,0.539,0.39,11,-11.916,1,0.0344,0.0149,0.703,0.356,0.206,171.915,1NPGJG3sOVnYeBD1mywefT,418671,4
303,Rockets (feat. Inyang Bassey),0.405,0.58,4,-9.586,0,0.0374,0.373,0.00023,0.118,0.111,90.616,4FauoOpEHkzFEqdcKPvyq9,287280,4
304,The Right Thing (feat. Inyang Bassey) [Ben Hoo Derivation],0.41,0.514,9,-14.627,0,0.0306,0.032,0.368,0.123,0.128,176.004,7szxD2eA3cc8ga9ZNIToRN,296493,4
305,The Broken Places,0.564,0.494,9,-13.118,0,0.037,0.876,0.87,0.085,0.0917,90.027,5gRiqWpYhwEhyTpseMSOhb,249933,4
306,Stella Maris,0.177,0.285,5,-13.168,1,0.0361,0.671,0.677,0.109,0.0364,85.257,5TWMFNMX0VI3HFl5Sg2e8x,313787,4
307,All Sides Gone,0.222,0.0249,7,-28.708,1,0.0482,0.976,0.861,0.079,0.0384,70.424,6l1VF0U6Lf9aIIVMb4OHHh,2077336,5
308,The Broken Places,0.564,0.494,9,-13.118,0,0.037,0.876,0.87,0.085,0.0917,90.027,7lzb1dBIJzBpVXsLqNaZUI,249933,4
309,Be the One,0.432,0.603,10,-7.197,1,0.035,0.00274,0.00023,0.139,0.0954,132.104,2CK8umnp3LgpJBmrIDHfqL,209333,4
310,Sevastopol,0.479,0.849,7,-6.6,1,0.0527,3.44e-05,0.684,0.13,0.475,135.01,2zZySRcZdEaxxxZk5PIzGb,260720,4
311,The Low Hum,0.425,0.599,11,-7.684,0,0.0318,0.113,0.761,0.125,0.104,124.013,1RrmpyLDAyOSjEkWmJpGBw,252973,4
312,Rockets (feat. Inyang Bassey),0.405,0.58,4,-9.586,0,0.0374,0.373,0.00023,0.118,0.111,90.616,1ZrZSEEcOuSENS9vCiq0x2,287280,4
313,The Day,0.435,0.591,0,-7.323,1,0.0287,0.000149,1.74e-05,0.123,0.124,107.989,3RpdufFs1p2z2QTs4z2326,272200,4
314,Lie Down In Darkness,0.442,0.655,4,-6.892,0,0.0288,0.548,0.0234,0.132,0.12,94.998,2ZaZ1G5zZQTeDYCDQXBOMx,265520,4
315,Victoria Lucas (feat. Inyang Bassey),0.529,0.556,0,-8.751,1,0.0284,0.672,0.938,0.158,0.325,115.031,5CgZKONH5X9zaNI58VfwKd,354493,4
316,After,0.632,0.731,8,-6.317,1,0.0442,0.0679,0.454,0.163,0.116,101.977,1EqB9t1KwoHDfFoCTqtJpr,329533,4
317,Blue Moon,0.584,0.631,0,-6.558,1,0.0319,0.0188,0.000153,0.185,0.244,110.978,4lhW0TZBiYJvQf8RjvyvcP,210667,4
318,The Right Thing (feat. Inyang Bassey),0.49,0.425,4,-9.888,0,0.0316,0.154,0.000144,0.184,0.283,87.939,5jvYVOjYGW2iOEMVGlSR8t,265720,4
319,Stella Maris,0.177,0.285,5,-13.168,1,0.0361,0.671,0.677,0.109,0.0364,85.257,2rJ1aECZHy80LHNdPHSyoL,313787,4
320,The Violent Bear It Away,0.327,0.491,11,-9.712,0,0.0331,0.0407,0.818,0.16,0.166,110.269,7ixlWHVvULHrRDblKejOZE,410373,4
321,Lacrimae,0.526,0.593,7,-7.442,1,0.0284,0.275,0.43,0.161,0.0399,104.985,5dP3wOJfuszsGJNswN4YbH,485120,4
322,When You Are Old,0.23,0.208,4,-11.969,0,0.0404,0.71,0.751,0.0951,0.13,114.332,2nV8xgO3eBTsUgbSCRCb4t,138787,5
323,The Poison Tree (feat. Inyang Bassey),0.598,0.516,4,-14.036,1,0.0442,0.114,0.494,0.0989,0.213,117.991,2cdsNf3mkkwG9ZPVHCe6Fp,282567,4
324,Sandpaper,0.737,0.463,0,-10.824,0,0.0388,0.0238,0.953,0.106,0.72,124.517,40qmhrwurd467ucv0jI6RR,235200,4
325,Breakdown,0.373,0.56,4,-16.995,0,0.0407,0.00421,0.228,0.0866,0.0912,116.976,2XTXxJWNjSHnFofiHe9E8p,226867,4
326,Unter Den Linden,0.492,0.447,2,-16.041,1,0.0338,0.824,0.93,0.176,0.352,102.047,1nsTBfna7NJgW8uetqIcPq,303573,4
327,Fortitude,0.496,0.596,7,-12.965,1,0.0291,3.45e-05,0.912,0.418,0.406,121.98,4hBEewX8pb0NKpt3Y9lIMS,322773,4
328,Washing,0.501,0.534,4,-16.185,0,0.0254,0.063,4.64e-05,0.0582,0.239,105.004,0Ic7BNpdsPyWZPMChA5pgz,480907,4
329,Sweet Dreams,0.592,0.368,4,-14.487,0,0.0322,0.0809,0.877,0.0772,0.216,90.061,5FGR4gCjERACyujJfY2jDk,252707,4
330,The Broken Places - Full Length Version,0.524,0.477,9,-14.697,0,0.0366,0.843,0.795,0.091,0.108,90.032,7GOmoz9MGV236Es7MmP36w,358267,4
331,Lie Down in Darkness - Basement Studio Version,0.167,0.264,2,-15.172,1,0.0462,0.929,0.434,0.226,0.0655,180.804,74e7GtlD8V0vL2QmgWDWaQ,230040,4
332,The Day - Orchestral Version,0.253,0.26,0,-16.392,1,0.0355,0.722,0.965,0.0951,0.219,119.88,4bBUzVJ431xKnnT98TiPxU,218827,4
333,Slow,0.524,0.572,1,-14.447,1,0.0422,0.00305,0.944,0.339,0.057,190.026,2Iyp9cEmPsyTuj5UQa50g6,442067,4
334,The Broken Places,0.564,0.494,9,-13.118,0,0.037,0.876,0.87,0.085,0.0917,90.027,47MXtnfv6advld3JPzuuKh,249933,4
335,Be the One,0.432,0.603,10,-7.197,1,0.035,0.00274,0.00023,0.139,0.0954,132.104,1wjCtdMMs6razdyFu8XX7i,209333,4
336,Sevastopol,0.479,0.849,7,-6.6,1,0.0527,3.44e-05,0.684,0.13,0.475,135.01,5uINfiNmtqfj9F30B0iOvm,260720,4
337,The Low Hum,0.425,0.599,11,-7.684,0,0.0318,0.113,0.761,0.125,0.104,124.013,1R4YqqAxEUlUPZun7daVlo,252973,4
338,Rockets (feat. Inyang Bassey),0.405,0.58,4,-9.586,0,0.0374,0.373,0.00023,0.118,0.111,90.616,1Inoqx2Esgm3vV9MDxAbOk,287280,4
339,The Day,0.435,0.591,0,-7.323,1,0.0287,0.000149,1.74e-05,0.123,0.124,107.989,0qsHdHIy95jj9CcsMXE8p2,272200,4
340,Lie Down In Darkness,0.442,0.655,4,-6.892,0,0.0288,0.548,0.0234,0.132,0.12,94.998,6gVtmmuGqdZahrRux3Ep4k,265520,4
341,Victoria Lucas (feat. Inyang Bassey),0.529,0.556,0,-8.751,1,0.0284,0.672,0.938,0.158,0.325,115.031,5e577SeaRsDHgYxlTZcDAV,354493,4
342,After,0.632,0.731,8,-6.317,1,0.0442,0.0679,0.454,0.163,0.116,101.977,00pXbg05WZudZMdyI8xT9w,329533,4
343,Blue Moon,0.584,0.631,0,-6.558,1,0.0319,0.0188,0.000153,0.185,0.244,110.978,7KhErSuKts7q8loMRphRNx,210667,4
344,The Right Thing (feat. Inyang Bassey),0.49,0.425,4,-9.888,0,0.0316,0.154,0.000144,0.184,0.283,87.939,3pMuHl72XS6z9WkclHqVAs,265720,4
345,Stella Maris,0.177,0.285,5,-13.168,1,0.0361,0.671,0.677,0.109,0.0364,85.257,6ecB567S4CDHK3hl9mmoCx,313787,4
346,The Violent Bear It Away,0.327,0.491,11,-9.712,0,0.0331,0.0407,0.818,0.16,0.166,110.269,3D3F0drD5Gb9QZbmeXk49w,410373,4
347,Lacrimae,0.526,0.593,7,-7.442,1,0.0284,0.275,0.43,0.161,0.0399,104.985,2fZfj6h3PNs4MPJX39o2fs,485120,4
348,When You Are Old,0.23,0.208,4,-11.969,0,0.0404,0.71,0.751,0.0951,0.13,114.332,74s7Wc0qz5AMhYqBSUm1T7,138787,5
349,Division,0.101,0.267,2,-14.185,1,0.0397,0.301,0.878,0.112,0.034,90.859,4U35pDHtW9UodFt8vCGtzE,116813,4
350,Pale Horses,0.463,0.597,2,-8.86,0,0.0296,0.104,0.493,0.158,0.4,93.058,6BWHh0A3H5tkC4iouE367B,217080,4
351,Shot In the Back of the Head,0.365,0.28,0,-9.236,1,0.0337,0.412,0.903,0.156,0.375,97.619,3ID0Y8Tl8CLBoQ6Nvowu6E,195547,4
352,Study War,0.38,0.516,7,-8.897,0,0.0334,0.647,0.095,0.255,0.0716,104.71,1Jc3A8rO9qGI0lAJaeDFvT,258267,4
353,Walk with Me,0.292,0.389,9,-14.498,0,0.0437,0.532,0.122,0.293,0.0913,88.864,48nCJ4zIiHGdkzYdy65w0D,241387,4
354,Stock Radio,0.172,0.0944,0,-21.575,1,0.0386,0.786,0.946,0.116,0.0256,69.508,3UtI7JUxZOcpdTxMkTRxXk,55320,1
355,Mistake,0.599,0.7,4,-8.043,0,0.0328,0.00493,0.0821,0.0954,0.168,125.018,0imPzTT2cMGhsgi8JjU8Kd,227227,4
356,Scream Pilots,0.499,0.648,4,-8.425,0,0.0276,0.0523,0.818,0.161,0.13,131.021,1uYN38ZGyTCVpa1kODzXeq,168547,4
357,Jltf 1,0.224,0.147,6,-22.504,0,0.0449,0.991,0.978,0.209,0.0302,136.219,0KuvaEUmltSOiA9UMfnVOw,87013,5
358,Jltf,0.38,0.337,4,-12.875,1,0.0293,0.644,0.668,0.104,0.0829,104.639,2sWWWGVpdVwzWLqFNMGOiP,280200,4
359,A Seated Night,0.118,0.363,0,-11.367,1,0.0341,0.946,0.94,0.128,0.0373,93.917,4HTMrKVuD667B8ft6OZEp7,203520,4
360,Wait for Me,0.306,0.333,4,-12.734,0,0.0325,0.922,0.0869,0.101,0.194,164.027,47s1FtsW0fsnJElYyGuU0D,253547,4
361,Hope Is Gone,0.3,0.23,2,-14.476,0,0.0349,0.953,0.472,0.157,0.0539,105.294,59VtXBdDWgbeFxVTQXkDO8,211227,4
362,Ghost Return,0.203,0.401,5,-15.477,0,0.0319,0.877,0.312,0.231,0.0513,104.983,2GVWiL7upowEeEtsdWlZ9c,158480,4
363,Slow Light,0.327,0.383,0,-9.183,1,0.0281,0.125,0.709,0.647,0.0357,95.014,3dEblwzSxUxmbajpK2bEyO,240653,4
364,Isolate,0.53,0.272,9,-16.798,0,0.0299,0.906,0.935,0.149,0.135,135.992,23p62JxN4Ngps198Bi8sEV,208347,4
365,Division,0.101,0.267,2,-14.185,1,0.0397,0.301,0.878,0.112,0.034,90.859,2eK1wHJTKsDKKjaX7HYfeo,116813,4
366,Pale Horses,0.463,0.597,2,-8.86,0,0.0296,0.104,0.493,0.158,0.4,93.058,2PLBTK3FP95IMTLjXwSy3P,217080,4
367,Shot In the Back of the Head,0.365,0.28,0,-9.236,1,0.0337,0.412,0.903,0.156,0.375,97.619,67Jz3iR8xssIiGmvT3StTE,195547,4
368,Study War,0.38,0.516,7,-8.897,0,0.0334,0.647,0.095,0.255,0.0716,104.71,50P9HWfpTkYmQ4LeDUNJiz,258267,4
369,Walk with Me,0.292,0.389,9,-14.498,0,0.0437,0.532,0.122,0.293,0.0913,88.864,3ZHmBYQffHH7FHTIAGixB1,241387,4
370,Stock Radio,0.172,0.0944,0,-21.575,1,0.0386,0.786,0.946,0.116,0.0256,69.508,7yqvVN3399JMcqOi46a9kk,55320,1
371,Mistake,0.599,0.7,4,-8.043,0,0.0328,0.00493,0.0821,0.0954,0.168,125.018,3PNxAUP6zrivHoib76afTY,227227,4
372,Scream Pilots,0.499,0.648,4,-8.425,0,0.0276,0.0523,0.818,0.161,0.13,131.021,7BJgCbmC3Qfu05ZY2EuCl4,168547,4
373,Jltf 1,0.224,0.147,6,-22.504,0,0.0449,0.991,0.978,0.209,0.0302,136.219,4iGVdlarnZPaZ2wOumTQck,87013,5
374,Jltf,0.38,0.337,4,-12.875,1,0.0293,0.644,0.668,0.104,0.0829,104.639,5r07PtumkeE0wHi70HHkR6,280200,4
375,A Seated Night,0.118,0.363,0,-11.367,1,0.0341,0.946,0.94,0.128,0.0373,93.917,2WSawqjoVnc79CwsQT48Ht,203520,4
376,Wait for Me,0.306,0.333,4,-12.734,0,0.0325,0.922,0.0869,0.101,0.194,164.027,339g7zfdYUHCLIj1Uj97CR,253547,4
377,Hope Is Gone,0.3,0.23,2,-14.476,0,0.0349,0.953,0.472,0.157,0.0539,105.294,14UkCza5Nfvb71YZ0L8daL,211227,4
378,Ghost Return,0.203,0.401,5,-15.477,0,0.0319,0.877,0.312,0.231,0.0513,104.983,1Y4YLAr55Ft5Jcrz5rv3BS,158480,4
379,Slow Light,0.327,0.383,0,-9.183,1,0.0281,0.125,0.709,0.647,0.0357,95.014,7GOZFQNeIQBTwKkhuUVfPP,240653,4
380,Isolate,0.53,0.272,9,-16.798,0,0.0299,0.906,0.935,0.149,0.135,135.992,4YWfUNECPut11vpmpA7b52,208347,4
381,One Time We Lived,0.648,0.857,4,-7.076,0,0.0358,0.000295,0.000203,0.0692,0.757,107.992,4NeMYRTuFD3azdtdyF6jGq,260120,4
382,Stay Down,0.495,0.734,6,-10.415,0,0.0546,0.00219,0.949,0.101,0.298,123.99,0FdqGn4TcmXfMNe7kQx8Tk,422760,4
383,Isolate - Mixhell Remix,0.658,0.88,7,-6.28,1,0.027,0.179,0.811,0.108,0.0653,119.995,6NrO9t4XxmGxK7SVUat2lM,321587,4
384,Slow Light - Maps Remix,0.618,0.965,5,-3.618,0,0.06,0.0102,0.423,0.0779,0.846,125.39,3Rdw51Yxy5QXHxgam09Vb7,355400,4
385,Wait for Me - Paul Kalkbrenner Remix,0.673,0.873,11,-4.478,0,0.0457,0.00217,0.892,0.808,0.759,123.982,46DCzht3YSa5ZZ4KYw6lwc,551693,4
386,Pale Horses - Gui Boratto's Last Window Remix,0.804,0.65,7,-6.588,1,0.0466,0.000797,0.874,0.0927,0.0385,122.0,67qaR8aPIMlwWmQtO8J4oC,456733,4
387,Walk with Me - Carl Cox Remix,0.807,0.63,2,-7.053,1,0.0742,0.0153,0.66,0.0829,0.318,122.984,4vakyTCw3kk5bVQSxZXqdv,383120,4
388,Mistake - Yuksek Remix,0.736,0.883,4,-5.025,0,0.0693,0.0188,0.0526,0.0373,0.829,124.991,2zSmvBh0yKmNmYjMqT0f0o,295133,4
389,One Time We Lived - Laurent Wolf Remix,0.747,0.857,11,-3.935,0,0.0502,0.000128,0.473,0.0639,0.731,126.024,7tPIxHwNz1zvI70t7etGLi,460213,4
390,Jltf - Chuckie Remix,0.756,0.921,1,-5.808,0,0.0532,0.0101,0.743,0.111,0.57,127.995,4xHWz0MjTpYf0gsEas4Lx0,333853,4
391,Wait for Me - Laidback Luke Remix,0.761,0.763,4,-5.569,0,0.103,0.00469,0.741,0.0702,0.111,130.006,4HXLouoVazgFcaiGsY2LIq,400747,4
392,Stay Down - Popof Remix,0.765,0.948,11,-7.515,0,0.0779,0.0088,0.874,0.0631,0.607,127.077,7tiTO0nuMJDFIhLeF3RelG,377013,4
393,Study War - Savage Skulls Remix,0.795,0.919,2,-3.945,1,0.147,0.000897,0.373,0.921,0.354,129.992,46OwsktrIbU6rFsAs7n56K,309160,4
394,Shot In the Back of the Head - Tiësto Remix,0.634,0.457,0,-4.837,1,0.143,7.19e-05,0.913,0.0806,0.201,128.005,3FaaUfHAjnLetM7RwPbi4P,434613,4
395,Wait for Me Medley - DJ Mix,0.742,0.883,4,-6.266,0,0.072,0.011,0.554,0.0667,0.297,127.303,57ljBgp5acLVFfBGZauQp4,4373387,4
396,A Seated Night - Ambient Mix,0.104,0.142,0,-17.518,1,0.0407,0.993,0.907,0.0834,0.0298,74.786,05T3dQ3ip36MXX0qT2vxe8,235720,3
397,Study War - Ambient Mix,0.0631,0.308,2,-15.994,0,0.042,0.928,0.884,0.273,0.0392,71.799,4FTSxsAGcqxgaaRYSwEQCs,270160,3
398,Pale Horses - Ambient Mix,0.191,0.17,7,-14.833,0,0.0379,0.978,0.91,0.0979,0.054,132.497,4Wtgb8c0hLqCHKk6imouPU,295680,3
399,Stay Down - Ambient Mix,0.219,0.56,6,-17.211,0,0.0615,0.987,0.877,0.128,0.0485,123.469,6dKoSrrWGDhLw0XMjBpBQp,397080,3
400,Hope Is Gone - Ambient Mix,0.314,0.276,5,-15.406,1,0.0354,0.975,0.92,0.16,0.0576,136.999,2e1ZdScB6FXTExpV0cHeoV,188120,3
401,Wait For Me - Ambient Mix,0.101,0.0897,4,-18.367,0,0.039,0.989,0.301,0.112,0.176,79.002,2Wi22q99rdsSvtGJfObBwx,265200,4
402,Division - Ambient Mix,0.199,0.21,2,-18.577,1,0.0402,0.963,0.983,0.149,0.0326,68.289,6zGTUVSPAmySCTxGby9ODY,97533,3
403,Mistake - Ambient Mix,0.0964,0.361,4,-16.534,0,0.0477,0.877,0.856,0.162,0.0363,76.454,6EL4Ng1vav7Ygud5It1QaT,216827,5
404,Walk With Me - Ambient Mix,0.146,0.31,9,-16.897,0,0.0361,0.987,0.764,0.643,0.049,91.442,4ArHOXIbypOSlRkdcVv8Jc,177880,3
405,Isolate - Ambient Mix,0.159,0.211,7,-21.836,1,0.0439,0.987,0.962,0.141,0.0908,87.114,7zel668wB2tUD5FyXeKH2d,188147,3
406,Shot In The Back Of The Head - Ambient Mix,0.367,0.132,0,-18.698,1,0.0316,0.97,0.899,0.125,0.0399,98.02,0yYlCpxGPPG3rFpLhVA27Y,195773,4
407,Slow Light 1 - Ambient Mix,0.176,0.42,0,-16.735,1,0.045,0.95,0.987,0.132,0.0375,140.486,69iZfScIFt9llmEwQZXkCr,184173,5
408,Ghost Return - Ambient Mix,0.458,0.333,5,-17.648,0,0.0343,0.907,0.000167,0.276,0.162,110.833,1autx0zz2pI2e6FZ2cQPCX,153840,4
409,Scream Pilots - Ambient Mix,0.167,0.102,4,-20.437,0,0.0452,0.976,0.9,0.0753,0.0357,134.78,6r8XMr48ZqjlJh0flfvZWd,469253,3
410,Jltf-3 - Ambient Mix,0.32,0.39,4,-14.874,1,0.0361,0.594,0.981,0.126,0.0907,104.87,61n238xscgRDr5Di3JAOUI,260187,4
411,Slow Light 2 - Ambient Mix,0.216,0.157,0,-30.229,1,0.0416,0.97,0.959,0.128,0.127,135.681,4w7Fxwyvs3rpxJS9y0nzmU,189320,5
412,Division,0.101,0.267,2,-14.185,1,0.0397,0.301,0.878,0.112,0.034,90.859,7csNKD9UUt2d1Yr3cmz3Ca,116813,4
413,Pale Horses,0.463,0.597,2,-8.86,0,0.0296,0.104,0.493,0.158,0.4,93.058,5fIHnqwt4wwkbIwi88yOyJ,217080,4
414,Shot In the Back of the Head,0.365,0.28,0,-9.236,1,0.0337,0.412,0.903,0.156,0.375,97.619,0YIuHJJjR7W8fLAKJKrm6A,195547,4
415,Study War,0.38,0.516,7,-8.897,0,0.0334,0.647,0.095,0.255,0.0716,104.71,1Qok7h119MjfxUq8tZnSg8,258267,4
416,Walk with Me,0.292,0.389,9,-14.498,0,0.0437,0.532,0.122,0.293,0.0913,88.864,7k0URKmtsbqIYcmn4ADTyD,241387,4
417,Stock Radio,0.172,0.0944,0,-21.575,1,0.0386,0.786,0.946,0.116,0.0256,69.508,1HODiNd9EKL9x0TjdP0fe9,55320,1
418,Mistake,0.599,0.7,4,-8.043,0,0.0328,0.00493,0.0821,0.0954,0.168,125.018,65vwf9LJ27bvvCaC6Jk3qM,227227,4
419,Scream Pilots,0.499,0.648,4,-8.425,0,0.0276,0.0523,0.818,0.161,0.13,131.021,6iZjz9YHfAdC0I1jDrsjdr,168547,4
420,Jltf 1,0.224,0.147,6,-22.504,0,0.0449,0.991,0.978,0.209,0.0302,136.219,6gRiA3D2HHKpxgINU3XAm2,87013,5
421,Jltf,0.38,0.337,4,-12.875,1,0.0293,0.644,0.668,0.104,0.0829,104.639,3DLaBdbfAINkga0km3xMRv,280200,4
422,A Seated Night,0.118,0.363,0,-11.367,1,0.0341,0.946,0.94,0.128,0.0373,93.917,0EezaQByKIzDDlk0MT8pSl,203520,4
423,Wait for Me,0.306,0.333,4,-12.734,0,0.0325,0.922,0.0869,0.101,0.194,164.027,5k4Y3pLqHV7F2PUHL9ZQWl,253547,4
424,Hope Is Gone,0.3,0.23,2,-14.476,0,0.0349,0.953,0.472,0.157,0.0539,105.294,69nQjh8lp6jfL01n8MxMqn,211227,4
425,Ghost Return,0.203,0.401,5,-15.477,0,0.0319,0.877,0.312,0.231,0.0513,104.983,7zyBnK11Pd84jxECK4CE1l,158480,4
426,Slow Light,0.327,0.383,0,-9.183,1,0.0281,0.125,0.709,0.647,0.0357,95.014,7sRqOFTbJzwCbCxHhOXsWQ,240653,4
427,Isolate,0.53,0.272,9,-16.798,0,0.0299,0.906,0.935,0.149,0.135,135.992,2VUblgP5cmZYMeAlDlr98e,208347,4
428,One Time We Lived,0.648,0.857,4,-7.076,0,0.0358,0.000295,0.000203,0.0692,0.757,107.992,5WDRkZhlea7OBxqV2mORyp,260120,4
429,Stay Down,0.495,0.734,6,-10.415,0,0.0546,0.00219,0.949,0.101,0.298,123.99,4qLMCeWR9eFCrIMT3M7XPH,422760,4
430,A Seated Night - Ambient Mix,0.104,0.142,0,-17.518,1,0.0407,0.993,0.907,0.0834,0.0298,74.786,5e5apiIcMHW99NEUdwpz3K,235720,3
431,Study War - Ambient Mix,0.0631,0.308,2,-15.994,0,0.042,0.928,0.884,0.273,0.0392,71.799,7Afknmu7BWqsFnzOHxs8ps,270160,3
432,Pale Horses - Ambient Mix,0.191,0.17,7,-14.833,0,0.0379,0.978,0.91,0.0979,0.054,132.497,2ruTNztNMTKcHFdGqII6e1,295680,3
433,Stay Down - Ambient Mix,0.219,0.56,6,-17.211,0,0.0615,0.987,0.877,0.128,0.0485,123.469,7FwHjZ9AeBPnhhWE6TfOkk,397080,3
434,Hope Is Gone - Ambient Mix,0.314,0.276,5,-15.406,1,0.0354,0.975,0.92,0.16,0.0576,136.999,5osu9Xf3hROZgWgbUcvDds,188120,3
435,Wait For Me - Ambient Mix,0.101,0.0897,4,-18.367,0,0.039,0.989,0.301,0.112,0.176,79.002,3TvtoxQFKjOTqAHQhwfT8h,265200,4
436,Division - Ambient Mix,0.199,0.21,2,-18.577,1,0.0402,0.963,0.983,0.149,0.0326,68.289,2CJfya2y1gqDDLRlQgpLFG,97533,3
437,Mistake - Ambient Mix,0.0964,0.361,4,-16.534,0,0.0477,0.877,0.856,0.162,0.0363,76.454,1yqgb0HkUxSvgByvouIJWD,216827,5
438,Walk With Me - Ambient Mix,0.146,0.31,9,-16.897,0,0.0361,0.987,0.764,0.643,0.049,91.442,4UDoDMgG17Yr5yjpJPxLp0,177880,3
439,Isolate - Ambient Mix,0.159,0.211,7,-21.836,1,0.0439,0.987,0.962,0.141,0.0908,87.114,0YRHzpgUGydWYLFId3p5RS,188147,3
440,Shot In The Back Of The Head - Ambient Mix,0.367,0.132,0,-18.698,1,0.0316,0.97,0.899,0.125,0.0399,98.02,1DUKPNb0orB4JMdnd07oNs,195773,4
441,Slow Light 1 - Ambient Mix,0.176,0.42,0,-16.735,1,0.045,0.95,0.987,0.132,0.0375,140.486,4DkTBJ3OLQQh7nE5cQYAR8,184173,5
442,Ghost Return - Ambient Mix,0.458,0.333,5,-17.648,0,0.0343,0.907,0.000167,0.276,0.162,110.833,7ntIjCbYnSLMQF1SQI7baI,153840,4
443,Scream Pilots - Ambient Mix,0.167,0.102,4,-20.437,0,0.0452,0.976,0.9,0.0753,0.0357,134.78,7k6LlOcBhsrzu7DRcD6x6o,469253,3
444,Jltf-3 - Ambient Mix,0.32,0.39,4,-14.874,1,0.0361,0.594,0.981,0.126,0.0907,104.87,1lCMsDevfgmjxzh5AXcSAQ,260187,4
445,Slow Light 2 - Ambient Mix,0.216,0.157,0,-30.229,1,0.0416,0.97,0.959,0.128,0.127,135.681,33de68d5KCtWAlj1EocnNL,189320,5
446,I Love to Move in Here - Holy Ghost! Remix,0.82,0.685,1,-5.96,0,0.106,0.0975,0.901,0.216,0.693,124.174,268Hqy4au9wyoSORaEix3w,303787,4
447,Ooh Yeah - Kris Menace Remix,0.574,0.958,9,-4.85,1,0.062,0.00257,0.00363,0.571,0.736,124.618,5d9T3aKv7xxIdbiWpgJn7I,231200,4
448,Live for Tomorrow - Tocadisco Remix,0.649,0.834,7,-8.127,1,0.0457,0.00183,0.833,0.386,0.0419,125.823,3GdQ51ag4xkQiJx3bhpbPr,319227,4
449,I'm In Love - The Shapeshifters Maximal Remix,0.647,0.847,4,-7.411,0,0.0631,0.00351,0.631,0.126,0.561,126.544,5w3isaYlYksKAvLybrYMN8,423053,4
450,Disco Lies - Freemasons Club Mix,0.634,0.941,5,-5.691,1,0.0583,0.000745,0.348,0.53,0.224,126.969,3pqcfUy4oyc0CbuBhwHocH,332667,4
451,I Love to Move in Here - Seamus Haji Club Mix,0.639,0.961,10,-6.117,0,0.0914,0.202,1.72e-05,0.326,0.495,127.357,0bwrJt6LB3cO88tUGEiRxA,361760,4
452,Alice - General Midi Remix,0.677,0.951,11,-5.948,0,0.184,0.012,0.000652,0.368,0.596,128.659,72L8Cc3cEt5H1O8wgXstOy,315293,4
453,The Stars - AC Slater Remix,0.58,0.959,0,-5.156,1,0.0426,0.00778,0.701,0.329,0.567,130.186,2f6VLR24x89vlH8ykS8clI,276880,4
454,Disco Lies - Spencer & Hill Remix,0.667,0.947,7,-5.658,1,0.0746,0.00653,0.0237,0.407,0.355,130.428,7ENucB8jG6ApIFnmhG85VZ,327587,4
455,Alice - Drop The Lime - Heavy Bass Remix,0.724,0.914,1,-5.884,0,0.139,0.0254,0.00415,0.737,0.558,130.441,04BKlbujEJG31cD5ve5bNF,195053,4
456,Ooh Yeah - D.Ramirez Haunted Playground Remix,0.805,0.883,4,-6.241,0,0.0874,0.0055,0.623,0.11,0.156,130.39,7t0lyLIjSgWcQ5IIQzB1vZ,349733,4
457,I'm In Love - Mason Remix,0.673,0.905,1,-9.297,1,0.0532,0.121,0.919,0.149,0.44,130.467,0EaoQb71223BpZffM5XcJY,325573,4
458,I Love To Move In Here - Style of Eye Piano Remix,0.76,0.651,11,-10.372,0,0.066,0.26,0.847,0.135,0.0469,130.481,4ebfyayTdi70bPMWMAFtmP,353973,4
459,Last Night,0.217,0.255,2,-14.354,0,0.0358,0.912,0.194,0.333,0.0391,153.171,1L0T2gqInXVwaPQlhzfiR6,347333,3
460,Last Night - Remixed,0.468,0.858,4,-6.698,0,0.0764,0.0214,0.219,0.0881,0.184,128.923,30YBCqeETSVEY4JphNqiia,4463120,4
461,Honey,0.824,0.693,8,-8.574,1,0.033,0.13,0.224,0.0672,0.76,102.11,7DWsNvglPFiDuaSkkuBOtH,209493,4
462,Find My Baby,0.664,0.74,7,-6.806,1,0.0624,0.00197,0.0423,0.259,0.575,93.983,3FD3ZGPyd8orzzwrZw2T6x,239400,4
463,Porcelain,0.297,0.634,0,-7.927,0,0.0335,0.00141,0.175,0.247,0.331,94.733,5fJAYWoFgXm26HLNViFiUh,241173,4
464,Why Does My Heart Feel So Bad?,0.598,0.624,7,-6.923,1,0.0332,0.00108,0.0755,0.0826,0.0451,98.004,22folQ3QnjKJJbLio4clzr,264827,4
465,South Side,0.611,0.724,4,-7.572,1,0.0421,0.0104,0.0452,0.0748,0.45,97.148,0Z2zNMZV5kuRIQzf9cOgZc,229733,4
466,Rushing,0.523,0.448,7,-10.116,1,0.0406,0.0115,0.946,0.0896,0.574,169.998,2k4e26sT707SQ0JNYkhiFJ,180267,4
467,Bodyrock,0.655,0.862,6,-8.082,0,0.0445,0.000923,0.546,0.151,0.356,107.993,6P0d6HGaGTbW26ngcMpdko,216440,4
468,Natural Blues,0.681,0.653,3,-7.891,0,0.0326,0.0465,0.0563,0.276,0.654,107.989,19aUcBFBrXbsAcucaVFBjW,253760,4
469,Machete,0.612,0.867,6,-8.82,0,0.0479,0.00187,0.122,0.109,0.172,134.051,5WVkptd9DhRYLJluY8Vml8,217733,4
470,7,0.688,0.478,11,-11.575,0,0.0594,0.000423,0.92,0.0896,0.479,89.126,4fAXpC2d8H49Ke6f2EA0zO,62040,4
471,Run On,0.768,0.604,11,-9.589,1,0.1,0.297,0.000275,0.189,0.536,96.955,36gacJqPh1BbHAnAkfXcxD,225133,4
472,Down Slow,0.7,0.205,4,-14.707,1,0.0373,0.682,0.965,0.128,0.469,82.185,3CFMjcmSGBvetalLt6SEFE,94867,4
473,If Things Were Perfect,0.667,0.531,5,-12.369,1,0.0917,0.162,0.835,0.326,0.103,165.831,5j8aZaWFDix5gtRzfa3lIp,258627,4
474,Everloving,0.521,0.338,4,-13.415,0,0.033,0.404,0.814,0.0908,0.231,83.817,2NDcqkHHJC2kZzTdUn3Put,205573,4
475,Inside,0.552,0.257,2,-17.753,1,0.0306,0.843,0.918,0.106,0.0399,95.032,2Wk13YGMXx7imcZs5uoyjl,288600,4
476,Guitar Flute & String,0.0809,0.0563,4,-23.507,0,0.0409,0.88,0.893,0.12,0.151,41.089,0ODEdDRage0gGE92M9hcPJ,129200,3
477,The Sky Is Broken,0.807,0.365,4,-13.665,0,0.039,0.725,0.277,0.0895,0.378,81.625,2Ag0I6hg1LMfvHtkRZ5zYd,258560,4
478,My Weakness,0.0905,0.316,4,-10.555,1,0.0326,0.189,0.222,0.371,0.0373,85.388,3GICsxgaaztTzDBJnd8MIk,218573,4
479,Flower,0.686,0.61,7,-5.902,1,0.0262,0.19,0.000966,0.071,0.767,80.567,1dzrG2Vo2LNH4vAQBHxqrT,206293,4
480,Sunday,0.687,0.63,11,-9.82,0,0.0461,0.16,0.953,0.105,0.108,126.004,1MlEzpmhHvABaukgsuMe6E,303440,4
481,Memory Gospel,0.438,0.368,2,-10.877,1,0.0265,0.483,0.959,0.11,0.0406,96.638,1r2uN6Mf4pzyIJ5PLx3KhS,402027,4
482,Whispering Wind,0.797,0.297,9,-11.122,0,0.0532,0.652,0.903,0.106,0.231,92.0,3m9DSf7nqmG7jxp8igdjxW,362667,4
483,Summer,0.587,0.781,7,-7.967,1,0.0324,0.0162,0.749,0.0754,0.0767,95.014,7lnsGIbfPDeo7ysuuthHEa,358040,4
484,Spirit,0.464,0.408,0,-9.933,1,0.0277,0.000836,0.765,0.0937,0.0653,144.982,4tth41lsb9ujrn75SviQ3p,248733,4
485,Flying Foxes,0.542,0.566,2,-10.391,1,0.0315,0.000251,0.913,0.106,0.136,94.996,0I3xAQDOUvEgKBjJJVYaP4,376400,4
486,Sunspot,0.697,0.39,0,-13.733,1,0.0413,0.274,0.881,0.113,0.592,87.693,23ssxzHwUtT2870hGWZFXo,409400,4
487,Flying Over the Dateline,0.502,0.514,11,-14.635,0,0.0888,0.198,0.598,0.0881,0.243,109.993,5zJHrpXSUzggtv4X7euoYL,287360,3
488,Running,0.548,0.555,1,-13.54,1,0.0373,0.0868,0.788,0.0844,0.856,140.014,6K2Co7sviTcG65a4WCMs2m,425733,4
489,The Sun Never Stops Setting,0.224,0.37,2,-13.216,1,0.0337,0.277,0.902,0.135,0.124,60.607,58ymBSWARqMKr99QeMLy5m,260840,5
490,Ooh Yeah,0.425,0.765,4,-5.763,1,0.0401,0.00776,0.000138,0.11,0.329,197.62,3TwfAgMEfaerj8XmrMZZRb,318787,4
491,I Love to Move in Here,0.728,0.681,5,-8.3,0,0.0626,0.243,0.0817,0.14,0.789,106.378,6JsPM0BvsntbVnVvpmiyet,284547,4
492,257.zero,0.616,0.841,9,-5.31,1,0.0409,0.00159,0.94,0.229,0.719,123.819,1BMdbTdnVpj6RQEuaqctTB,217493,4
493,Everyday It's 1989,0.69,0.809,8,-5.697,0,0.096,0.00256,0.916,0.0399,0.771,123.88,6pQpOyhihUioiRj5q8AOcA,220320,4
494,Live for Tomorrow,0.492,0.774,5,-5.046,0,0.0425,0.069,0.0108,0.141,0.131,103.305,3fURd5OXJpRUlgVFfUh5ph,242493,4
495,Alice,0.581,0.858,5,-6.519,1,0.0428,0.00941,0.0353,0.146,0.23,94.921,7ipxwkIuFxlCxIqXPPCxME,266867,4
496,Hyenas,0.418,0.69,2,-7.602,0,0.0286,0.0455,0.921,0.42,0.15,93.901,1mKUhHF3Oa7CqbJs8Rryx0,215107,4
497,I'm In Love,0.599,0.652,4,-8.548,0,0.0815,0.25,0.524,0.111,0.571,125.809,6khf0Ip1zo6KEHIaqTL4YG,222480,4
498,Disco Lies,0.634,0.915,9,-5.132,0,0.0713,0.086,0.000357,0.158,0.281,118.877,59mO1rcSR3teX2by8mcnKP,202880,4
499,The Stars,0.573,0.779,0,-6.719,1,0.051,0.00195,0.0253,0.15,0.36,130.696,3zeQUUDQgTHPDeUA9GLUa4,261040,4
500,Degenerates,0.343,0.542,1,-11.655,0,0.0443,0.86,0.866,0.367,0.128,84.854,2r5ALEV1xvgzWZATAKN5a0,238333,4
501,Sweet Apocalypse,0.505,0.693,2,-9.008,1,0.0298,0.384,0.885,0.0641,0.0355,119.886,0t2mxyaHFH49BKwVw3OBKt,318853,4
502,Mothers of the Night,0.477,0.646,7,-10.822,1,0.0364,0.802,0.899,0.148,0.427,108.935,1GAIrNvwKVlMY4fo35i1Ok,199533,4
503,Last Night,0.217,0.255,2,-14.354,0,0.0358,0.912,0.194,0.333,0.0391,153.171,49LRMEMSbQWQnORYAMuKjk,347333,3
504,Hotel Intro,0.56,0.499,8,-10.208,1,0.0393,0.414,0.933,0.194,0.0733,94.937,1xGdfqixflwehUauI56NYC,115267,4
505,Raining Again,0.601,0.791,2,-6.83,1,0.0394,0.0358,0.127,0.0486,0.78,117.834,4vfrm29dI3DOasF0oZv093,226000,4
506,Beautiful,0.485,0.655,2,-6.421,1,0.0695,0.14,0.115,0.158,0.63,169.567,1Lh2BYY3yV297Y8ka2CMs3,191907,4
507,Lift Me Up,0.581,0.889,7,-6.617,1,0.0595,0.0011,0.00125,0.155,0.391,120.961,2YreZaYOabnHmyj6HGayoX,199293,4
508,Where You End,0.611,0.814,11,-7.922,0,0.032,0.0829,0.0689,0.15,0.621,122.975,4wR1Yj33PMle4jxKKRORZD,202040,4
509,Temptation,0.604,0.109,2,-14.75,1,0.0338,0.601,0.000319,0.0978,0.383,89.984,5zZ1EqKm3b8VEw1FICPc0H,295467,4
510,Spiders,0.498,0.805,11,-6.563,1,0.05,0.0658,0.0394,0.0966,0.642,159.927,2GhJ2DKzL7trGRZaPpflIA,225267,4
511,Dream About Me,0.598,0.521,5,-9.348,1,0.0278,0.0378,0.00104,0.0913,0.321,117.967,4VnrrYtsi1UUsw4HFA4TYq,201493,4
512,Very,0.555,0.847,2,-7.67,1,0.0426,0.00129,0.00181,0.126,0.447,123.843,603VTvkSmZa6ETDw3E3Q2B,222867,4
513,I Like It,0.708,0.312,2,-12.002,1,0.212,0.257,0.512,0.116,0.615,84.977,5PeOnKBYokaKPJh7pqo0fW,226120,4
514,Love Should,0.579,0.358,2,-10.668,1,0.0255,0.234,0.038,0.139,0.284,101.924,2QaIQl0jNZ4HqkOgMTpOD9,231720,4
515,Slipping Away,0.591,0.696,11,-7.988,0,0.0291,0.011,2.26e-06,0.336,0.642,117.859,2YTYHjhDRyG9Flz0JmD6Jj,219293,4
516,Forever,0.66,0.237,7,-13.19,1,0.042,0.217,0.866,0.0853,0.672,94.873,2tRDKfrqRDt1pUEv5rPzrA,219013,4
517,Homeward Angel,0.383,0.284,7,-11.739,1,0.034,0.402,0.939,0.338,0.0708,119.684,7aRcCPX4FJNbpKylz8ujIN,350493,4
518,We Are All Made of Stars,0.623,0.57,2,-8.433,1,0.0266,0.0467,0.635,0.182,0.376,112.04,2iY8UnADwZLUG2XrBGL2Dv,273213,4
519,In This World,0.58,0.701,4,-6.643,1,0.045,0.012,0.0181,0.302,0.263,104.967,77tJlraFq64xilqyyxkhtH,242520,4
520,In My Heart,0.564,0.789,4,-10.064,1,0.0308,0.00101,0.0457,0.21,0.177,114.021,1ri0jogXgL9CSgFGucTNvR,276693,4
521,Great Escape,0.15,0.0767,7,-18.397,1,0.0344,0.734,0.00167,0.223,0.23,50.821,1DWKDku5UsWVRUSKQSx4wm,128840,4
522,Signs of Love,0.269,0.536,7,-10.476,1,0.0361,0.206,0.639,0.14,0.0947,181.848,2dQCRD8xXk9XNQPEsskl9T,266200,4
523,One of These Mornings,0.483,0.459,11,-8.314,0,0.0326,0.167,0.655,0.0858,0.0523,91.789,1zCn7jmXyfLW4mqyl3Vqsb,192693,4
524,Another Woman,0.598,0.437,11,-11.587,0,0.0363,0.0764,0.831,0.123,0.546,110.877,6olVTknHt8xSzEFwE8TK9T,236053,4
525,Fireworks,0.491,0.256,0,-14.552,1,0.0351,0.833,0.967,0.13,0.1,144.049,0OULx41EjSBA72kRkdbOmw,133360,4
526,Extreme Ways,0.511,0.782,9,-7.934,0,0.0486,0.00112,0.000825,0.11,0.551,100.002,5dcUUklOiH01fVEH5pmWRs,237640,4
527,Jam for the Ladies,0.763,0.524,7,-9.994,1,0.0487,0.0322,0.00112,0.0892,0.338,100.029,2MGnkIWA0T94GEGfjx14Be,201960,4
528,Sunday (The Day Before My Birthday),0.603,0.679,9,-10.334,0,0.0352,0.000921,0.801,0.426,0.331,95.003,56MWOfCyw5XbBMdrLGcX6I,309280,4
529,18,0.48,0.126,7,-17.626,1,0.0305,0.861,0.892,0.0588,0.05,105.996,0hK7zJxDmo4K1ffAHq73M0,268813,4
530,Sleep Alone,0.424,0.256,2,-14.983,0,0.0315,0.887,0.772,0.12,0.418,88.07,1v9dObUYUHAdpmShqi8VI2,285360,4
531,At Least We Tried,0.634,0.291,0,-12.807,1,0.0286,0.254,0.00219,0.0783,0.217,72.007,5Gh9ZIc8NjGorZpsfpsabK,248707,4
532,Harbour,0.553,0.382,2,-13.121,1,0.0234,0.18,0.429,0.0907,0.0952,92.038,0kTPOJQ8ShLwqot7pfuj54,387573,4
533,Look Back In,0.498,0.364,7,-9.76,0,0.0256,0.229,0.894,0.0985,0.153,77.801,4SPjXvFaO5Md8EXeCXKCkz,140613,4
534,The Rafters,0.538,0.52,4,-9.113,1,0.0432,0.0307,0.948,0.357,0.333,125.846,4TDCgKYqC9wERTm2yg1Arq,202320,4
535,I’m Not Worried at All,0.534,0.275,1,-11.256,1,0.0272,0.755,0.884,0.346,0.049,105.045,7CCSNr1SqFdOTHiTW7hiY5,253907,3
536,Landing,0.567,0.72,7,-9.791,1,0.0282,0.0886,0.809,0.364,0.47,113.0,3lQz6LAbFAiYzIgox8nB6N,224027,4
537,Love of Strings,0.474,0.636,7,-7.998,1,0.0322,0.0193,0.899,0.116,0.103,107.03,3nCInWtDkL9JFggs8ViyGa,370640,4
538,Nearer,0.501,0.418,1,-11.153,1,0.0281,0.466,0.761,0.11,0.116,90.978,4zMrbNJ1naVSaqm9tpYjao,259200,4
539,Afterlife,0.493,0.392,9,-8.893,0,0.0253,0.0321,0.885,0.182,0.262,84.997,5lcmEdPFKJBDly7vP6HGwr,236027,4
540,String Electro,0.436,0.706,1,-6.942,0,0.0292,0.00461,0.916,0.273,0.0581,106.528,14DTNcE999blkNzGwwhBzz,416867,4
541,Downhill,0.532,0.468,11,-11.553,0,0.0282,0.622,0.809,0.0932,0.37,109.58,13wtSsoaOGnekcyZe0l5Iq,319773,4
542,Soul to Love,0.44,0.686,0,-6.484,1,0.0363,0.00912,0.888,0.18,0.377,124.014,6MIE2Ssoe3V4Vr0U1LiHbT,267933,4
543,Bed,0.67,0.705,4,-10.125,1,0.0789,0.118,0.924,0.0785,0.842,125.019,5FhBvv2ZDwrSI18UB3I7k9,257027,4
544,Piano & Strings,0.379,0.399,4,-11.409,0,0.0381,0.0156,0.858,0.479,0.0347,83.955,4E1WP1jdN239BZB5fPZRna,318000,4
545,Horse & Carrot,0.631,0.535,10,-8.168,0,0.0415,0.00546,0.95,0.103,0.0363,117.988,3XhRHD2ftCsj0SnxESBpnL,414000,4
546,Life’s so Sweet,0.56,0.32,4,-8.981,0,0.0277,0.128,0.953,0.0731,0.199,104.027,0jXZCliAfXPEzGVhpQS2Jy,392600,4
547,ISS,0.558,0.363,0,-17.287,1,0.0326,0.632,0.921,0.106,0.269,94.013,0lRmJ7qaB0TwlyoztSvfV2,524707,4
548,Stay,0.567,0.372,7,-13.054,1,0.0278,0.248,0.277,0.0607,0.533,75.037,1lgcCq0fspJTIDzMCSfanM,190733,4
549,First Cool Hive,0.546,0.758,6,-9.664,0,0.0379,0.000753,0.525,0.89,0.294,100.96,2nJKZYsbwMUVGWarhXA8wo,316440,4
550,Go,0.616,0.737,4,-9.482,0,0.0473,0.00028,0.91,0.0624,0.653,134.028,1Wd5WtUpNDdeGAui5kN4qB,239733,4
551,Into the Blue,0.521,0.365,7,-12.39,1,0.0246,0.0816,0.00239,0.144,0.0783,95.0,0GdUNhYKrfh2EcMqTODeAq,332800,4
552,Now I Let It Go,0.178,0.205,9,-14.252,0,0.0343,0.883,0.79,0.119,0.0395,73.884,1Uj79rRZ7NWTWkBbT7ImAz,129653,4
553,Move - You Make Me Feel so Good,0.525,0.867,9,-8.57,0,0.0313,5.51e-05,0.626,0.126,0.278,131.964,4IuN80kPgJynpC1820DtF0,217013,4
554,I Like to Score,0.791,0.888,1,-5.682,0,0.216,2.25e-05,0.9,0.0606,0.52,91.032,76QnA6ibVitEYbVD4SELYV,141160,4
555,Anthem,0.488,0.938,8,-5.619,1,0.0404,2.84e-05,0.0751,0.138,0.484,145.973,0TmXkiyWsDyjESV5Jf6Mt4,207400,4
556,Hymn,0.49,0.314,5,-14.889,0,0.0409,0.728,0.956,0.14,0.147,115.019,7CRmB294aR6Kq64rqDC0lh,197600,4
557,Feeling so Real,0.375,0.667,7,-6.243,1,0.0361,3.11e-05,0.0225,0.673,0.442,162.965,6A66ij26eOhBoMyFhbY493,202800,4
558,God Moving over the Face of the Waters,0.37,0.389,2,-10.341,1,0.0289,0.578,0.956,0.165,0.0905,101.009,44popH5Cn6SuButI40fovC,345627,4
559,Alone,0.496,0.584,2,-17.418,1,0.0417,0.624,0.929,0.111,0.291,132.027,0bhshcQuVf8bQU51OrUwT0,646867,4
560,Novio,0.172,0.254,6,-12.44,1,0.0319,0.636,0.102,0.098,0.0607,78.74,6sRJbqVhTNt7YRELMA0xzO,158960,4
561,The Rain Falls and the Sky Shudders,0.402,0.11,0,-30.056,1,0.0383,0.807,0.941,0.0917,0.115,163.908,33HYCkqJQrJLnTzSTdCC4z,376667,4
562,When It's Cold I'd Like to Die,0.0714,0.207,0,-14.578,1,0.037,0.292,6.92e-05,0.0889,0.0393,77.434,6lt0n64oxW2Cwvjf4zBkcT,255333,3
563,Living,0.572,0.287,7,-11.724,1,0.0305,0.559,0.846,0.146,0.128,78.015,5UgfnW6nEVwpPrwx3eF0Dl,421200,4
564,Grace,0.149,0.364,0,-20.474,1,0.0568,0.858,0.861,0.107,0.0364,66.655,0mKoLoxMhwHWVFpETD8teL,324133,4
565,Novio,0.316,0.294,6,-11.721,1,0.0301,0.589,0.0812,0.112,0.0456,75.063,6NXfxYhlj4gjErXGzh7HXs,158560,4
566,James Bond Theme - Moby's Re-Version,0.594,0.939,11,-4.193,1,0.0454,0.000219,0.874,0.327,0.375,124.147,5t0epjD9soz66wY99No8iu,203373,4
567,Go - I Like to Score Version,0.618,0.778,4,-7.762,0,0.0467,0.000248,0.878,0.0542,0.651,134.032,3FyCUDuq30QbxeBq3yhQDH,239867,4
568,Ah-ah,0.527,0.839,7,-5.279,0,0.0319,2.25e-06,0.653,0.246,0.334,135.959,0dARMlngoPwzeR2xLhfaFI,144000,4
569,I Like to Score,0.79,0.863,1,-6.673,0,0.217,2.13e-05,0.924,0.074,0.536,91.018,7dsPkt2xbhrnltGfNeHZrs,141427,4
570,Oil 1,0.476,0.973,8,-6.47,1,0.0619,4.79e-05,0.947,0.379,0.68,139.995,6qb1w0UCXM1HT6acpWEVIU,291733,4
571,New Dawn Fades,0.411,0.731,9,-4.911,1,0.0339,0.00847,0.00416,0.095,0.202,119.986,5Q5i1Nym5L7aOrQPwX0amF,334200,4
572,God Moving Over the Face of the Waters,0.154,0.371,2,-11.332,1,0.0325,0.565,0.938,0.225,0.0645,100.745,6QFBegIoqh97oYMc82VsRb,344867,4
573,First Cool Hive - Alternate Version,0.547,0.773,6,-9.701,0,0.0358,0.000277,0.0799,0.666,0.378,100.961,4a6CE0NMhKEVu0kY5EYVIh,341667,4
574,Nash,0.576,0.0684,6,-22.733,0,0.0485,0.969,0.912,0.114,0.212,75.272,19DvEiMh9xnlfD35BxQjwz,83000,4
575,Love Theme - From Joe's Apartment,0.559,0.409,0,-9.212,1,0.0289,0.715,0.95,0.0702,0.0669,95.01,4b3Rr8dQZRM8j0RxYgQUmI,276800,4
576,Grace,0.13,0.349,0,-20.847,1,0.055,0.842,0.854,0.106,0.0363,69.063,6Lj2JbuMrPl8uSRLO5aH09,324733,4
577,Novio,0.172,0.254,6,-12.44,1,0.0319,0.636,0.102,0.098,0.0607,78.74,61fQlbKxHMpfkpGgdyzZyG,158960,4
578,James Bond Theme - Moby's Re-version,0.602,0.936,11,-4.222,1,0.0455,0.00027,0.906,0.277,0.381,124.182,3BPKKzuQTeKLRCVfVaF4BS,203333,4
579,Go,0.616,0.737,4,-9.482,0,0.0473,0.00028,0.91,0.0624,0.653,134.028,6iWKZaCPmISyRfJlovBQRC,239733,4
580,Ah-Ah,0.526,0.838,7,-5.324,0,0.0316,2.33e-06,0.639,0.244,0.362,136.022,4pRCRsIHQsYQ3nK6yfb9RE,144040,4
581,I Like to Score,0.791,0.888,1,-5.682,0,0.216,2.25e-05,0.9,0.0606,0.52,91.032,0YHPUXcAo4WZheI6VmPEab,141160,4
582,Oil 1,0.463,0.974,8,-6.476,1,0.0595,4.66e-05,0.951,0.377,0.675,139.988,1Wtyaav5Mik6RJdBSJH44F,291707,4
583,New Dawn Fades,0.415,0.683,4,-6.074,0,0.0321,0.00118,0.00696,0.106,0.199,120.085,6aUSo7JyMqk0Vp5tJ7oufL,333240,4
584,God Moving over the Face of the Waters - Alternate Version,0.0919,0.375,2,-11.309,1,0.0331,0.567,0.936,0.194,0.073,80.145,7A8XeQAhIS6KUXxg0pqqz5,344893,3
585,First Cool Hive - Alternate Version,0.548,0.755,6,-9.639,0,0.0357,0.000273,0.0797,0.502,0.42,100.919,2detS9H2Bb3D3tMErPzQ4Q,341667,4
586,Nash,0.568,0.0817,4,-22.657,1,0.0794,0.966,0.942,0.115,0.187,75.397,3OwI1VJanAG5oA46QUgKaL,82973,4
587,Love Theme,0.56,0.409,9,-9.266,0,0.0285,0.746,0.953,0.071,0.0624,95.01,1v3GbLSpzc9nL23J9VUYNu,276800,4
588,Grace,0.149,0.364,0,-20.474,1,0.0568,0.858,0.861,0.107,0.0364,66.655,1EOiMcL1HfHJtIUyH54Kgm,324133,4
589,Dead Sun,0.143,0.0779,6,-17.723,0,0.0468,0.776,0.731,0.119,0.04,103.255,6TWGpROj8uv6u8KeoJ4DVj,221573,4
590,Someone to Love,0.351,0.933,9,-6.572,0,0.0612,0.000181,0.0083,0.463,0.244,169.972,0kTJv39Ku97omelhud4TBw,189867,4
591,Heavy Flow,0.474,0.921,3,-6.01,0,0.122,3.58e-05,3.94e-05,0.333,0.211,123.645,6t9EPK3arUKThtlj70xQyu,116827,4
592,You,0.544,0.961,5,-4.879,1,0.0629,6.99e-05,6.72e-06,0.356,0.708,130.032,3rrmJLrbTVK70i2Ax0tmNs,153400,4
593,Now I Let It Go,0.287,0.214,9,-12.527,0,0.0327,0.903,0.843,0.136,0.0396,74.82,5TSnj6Mg8T0OGy4MXcafTg,129400,4
594,Come on Baby,0.474,0.968,11,-6.479,0,0.124,0.000567,7.29e-06,0.596,0.229,112.058,72VXsTiW9i3E65GbdOHWlm,270573,4
595,Soft,0.437,0.871,9,-7.51,0,0.05,0.000918,0.000699,0.601,0.252,75.016,3FVvvergWVwa4C7ArTGKvz,235000,4
596,Anima,0.472,0.545,2,-17.955,0,0.0316,0.0542,0.827,0.125,0.695,139.989,027hIFCDfrBYEcA5PGGhlF,146960,4
597,Say It's All Mine,0.443,0.819,6,-5.314,0,0.0362,0.000502,0.0156,0.115,0.131,143.812,3a83AdQomww3aY5RlPmOE5,364667,4
598,That's When I Reach for My Revolver,0.501,0.858,4,-5.23,1,0.0392,0.00617,5.6e-06,0.112,0.136,145.837,6aLbafvMNpUdiSdpd35w1K,235840,4
599,Alone,0.468,0.439,2,-20.378,1,0.0345,0.783,0.937,0.0968,0.255,132.04,6zz8t3AMLTTcfyaDuYHAMc,646960,4
600,Face It,0.279,0.633,0,-4.89,1,0.0377,0.00371,0.311,0.118,0.0575,131.049,06iVj3QNVxVpNzw9iBKiOQ,600973,4
601,Old,0.593,0.0297,7,-26.075,1,0.0341,0.988,0.884,0.0994,0.127,96.012,45UpTYKCPXsBvMzizO31kv,187533,4
602,Living,0.571,0.294,7,-11.628,1,0.0303,0.593,0.83,0.309,0.137,78.012,65ZcrFePFiU9Ifwuf1IACi,419533,4
603,Love Song for My Mom,0.159,0.161,2,-12.991,1,0.0333,0.933,0.946,0.113,0.0376,144.279,6C2IEMjPZTdYdFWI03zQhj,224267,4
604,A Season in Hell,0.0606,0.194,9,-14.547,1,0.0414,0.737,0.977,0.106,0.0377,59.442,5zAgoPLK3y9YsL58zPx2Tp,239360,4
605,Dead Sun,0.164,0.0942,6,-17.753,0,0.047,0.799,0.689,0.118,0.0503,128.09,5tJaMldpZnDvOMhGmlacIN,221573,4
606,Someone to Love,0.383,0.923,4,-6.545,0,0.0595,0.000208,0.00321,0.46,0.247,169.954,42tosAy6ndq872pvqr0K7S,189867,4
607,Heavy Flow,0.488,0.937,3,-6.0,0,0.0907,3.46e-05,7.12e-05,0.329,0.186,123.615,4CpnFjGKw4rSTQP6P43wVi,116827,4
608,You,0.542,0.959,5,-4.875,1,0.0613,6.96e-05,1.64e-05,0.37,0.716,130.017,4Ifd6mRHlRoRaawGKOpbLc,153400,4
609,Now I Let It Go,0.178,0.205,9,-14.252,0,0.0343,0.883,0.79,0.119,0.0395,73.884,62bdQBwVsCYAPoQ6FtzpXc,129653,4
610,Come on Baby,0.473,0.966,11,-6.473,0,0.0819,0.000603,6.78e-06,0.591,0.252,112.06,6EKJUX1MVKvrrs38BrlmJM,270573,4
611,Soft,0.436,0.876,9,-7.505,0,0.0488,0.000928,0.000574,0.588,0.239,75.016,33r28zeVa2Q60l7LyX8h3e,235000,4
612,Anima,0.481,0.537,2,-17.953,0,0.0305,0.0556,0.848,0.147,0.738,140.007,5f8avxg4XNYTu51hKe0Dau,146960,4
613,Say It's All Mine,0.442,0.832,6,-5.318,0,0.0384,0.00039,0.0205,0.114,0.12,143.903,4tRyOhcmwo5Sn6n8cTheHr,364667,4
614,That's When I Reach for My Revolver,0.493,0.853,4,-5.251,1,0.0381,0.00567,7.63e-06,0.112,0.123,145.851,7BpQm6c5r1tkj9eFzo3B8T,235840,4
615,Alone,0.496,0.584,2,-17.418,1,0.0417,0.624,0.929,0.111,0.291,132.027,2XczFbX7npDmS5HWibTXbg,646867,4
616,Face It,0.273,0.651,0,-4.916,1,0.0381,0.00372,0.26,0.115,0.0494,130.163,3pffQiUg1rLJLk9V3mdgVu,600973,4
617,Old,0.595,0.0309,7,-26.066,1,0.0338,0.988,0.921,0.0998,0.136,96.003,1SLh4RKWFUqCpgAlgjKr4z,187533,4
618,Living,0.572,0.287,7,-11.724,1,0.0305,0.559,0.846,0.146,0.128,78.015,7gGSPNaKsTy0U7riiDw6zn,421200,4
619,Love Song for My Mom,0.173,0.167,2,-13.04,1,0.0333,0.929,0.955,0.113,0.0378,145.146,2uiBh75TWoc9WJCb6HcXxZ,224267,4
620,A Season in Hell,0.205,0.204,9,-14.548,1,0.0381,0.709,0.976,0.104,0.0393,110.216,7AQAokwZNsSo1yacN0gXFv,239360,3
621,Hymn,0.451,0.303,5,-15.327,0,0.0402,0.715,0.949,0.17,0.146,115.04,7zVYyGDCG9ktOHntd7pCQK,197893,4
622,Feeling so Real,0.373,0.635,7,-6.949,1,0.0379,3.6e-05,0.0526,0.391,0.374,162.985,0keRTgdGsbdzppVxqn30ex,201600,4
623,All That I Need Is to Be Loved,0.499,0.911,0,-5.666,1,0.0424,1.05e-05,0.0198,0.379,0.321,137.01,2RKskStzfm0hOHmf949leh,163307,4
624,Let's Go Free,0.317,0.935,2,-8.238,1,0.0877,1.47e-05,0.805,0.192,0.277,214.03,6W0K9hcy0WcYjwceR8fVUt,38467,4
625,Everytime You Touch Me,0.63,0.861,4,-7.733,0,0.0374,0.0426,0.000289,0.295,0.475,141.873,0lAhfLrumsf60VtSqbOBgS,221760,4
626,Bring Back My Happiness,0.577,0.945,0,-5.66,1,0.0454,0.0657,0.00124,0.0587,0.941,148.963,64GM77UJ5ii08FovTudB1V,192640,4
627,What Love,0.392,0.812,2,-7.378,1,0.0466,0.00937,0.000389,0.173,0.251,105.193,6uOVbJqo7wnHp7XoaYVdKD,168360,4
628,First Cool Hive,0.548,0.612,6,-14.269,0,0.0382,0.000664,0.66,0.861,0.328,100.977,6O07zhmbRucDwUX7MRxVtY,317200,4
629,Into The Blue,0.505,0.29,7,-15.544,1,0.0258,0.0938,0.00231,0.128,0.0795,95.016,12qt4nPf5ih6lnJIXmrQhj,333640,4
630,Anthem,0.495,0.888,8,-9.299,1,0.0369,1.77e-05,0.0933,0.199,0.529,145.989,0iCT90uJOYggQlswxRLTN7,207533,4
631,Everthing is Wrong,0.443,0.0251,11,-26.763,0,0.0342,0.911,0.931,0.134,0.136,142.599,1oqrxPDYF3CmZYUOL1eGnv,74627,3
632,God Moving Over the Face of the Waters,0.154,0.371,2,-11.332,1,0.0325,0.565,0.938,0.225,0.0645,100.745,4WxOFybmhNxHGnkPGBJzIE,344867,4
633,When It's Cold I'd Like to Die,0.119,0.172,0,-15.907,1,0.036,0.32,0.000148,0.228,0.0387,82.423,0Pz9uepsUEc6aAaocXz4ha,254000,1
634,Hymn,0.492,0.314,5,-14.89,0,0.0407,0.73,0.956,0.14,0.146,115.027,3pN8zMrwK2Olmdxw9PUxGm,197600,4
635,Feeling so Real,0.375,0.667,7,-6.243,1,0.0361,3.11e-05,0.0232,0.673,0.442,162.964,3VQ2MgavN8WGrY6z04frQH,202800,4
636,All That I Need Is to Be Loved,0.485,0.91,0,-5.637,1,0.0406,1.03e-05,0.0412,0.382,0.287,137.014,4ur6nKJlzG4QCAXgU6qFW1,163333,4
637,Let's Go Free,0.318,0.916,2,-8.307,1,0.0826,3.88e-05,0.81,0.15,0.252,213.563,7EUn3PYonxqacFFNqNoeyr,38440,4
638,Everytime You Touch Me,0.621,0.939,4,-5.898,0,0.0379,0.0306,0.0237,0.205,0.431,141.844,0LJsAXtXAyaiKJm1T2nwyo,222027,4
639,Bring Back My Happiness,0.582,0.958,0,-4.599,1,0.0455,0.0597,0.000725,0.0585,0.955,148.933,0YjkE4GMuSqcfpvWOu7apV,192400,4
640,What Love,0.347,0.823,2,-6.304,1,0.0496,0.0112,0.00148,0.188,0.217,104.995,4GF5mA3XcdGRFr5fBVYBFD,168133,4
641,First Cool Hive,0.543,0.757,6,-9.665,0,0.0382,0.000751,0.536,0.89,0.298,100.97,0VnG3I3bsmSOJUNqE6iYlL,316440,4
642,Into the Blue,0.521,0.365,7,-12.39,1,0.0246,0.0811,0.00249,0.144,0.0783,95.0,5ldaq28WotvsAAKSNMnsbr,332800,4
643,Anthem,0.487,0.938,8,-5.615,1,0.0404,2.84e-05,0.0751,0.138,0.484,145.974,40bfEGAvCrIEXGi5WKO2e6,207400,4
644,Everything Is Wrong,0.418,0.0196,2,-27.088,1,0.0338,0.915,0.964,0.141,0.174,71.25,0BhP69ZmT5Xx5bajI4ZK8X,74640,3
645,God Moving over the Face of the Waters,0.152,0.39,2,-10.343,1,0.0319,0.58,0.956,0.165,0.0803,101.082,0I1oRYw2snnkobrN1HVAkF,345627,4
646,When It's Cold I'd Like to Die,0.158,0.208,0,-14.578,1,0.0374,0.296,6.43e-05,0.0889,0.0389,133.117,6sOx5jDVKkQCQp3NfCTd52,255333,5
647,My Beautiful Blue Sky,0.433,0.472,5,-16.577,1,0.0392,0.705,0.959,0.0935,0.516,187.323,02OL9tVAxwCirLwE6cQfuj,320600,4
648,Heaven,0.645,0.768,4,-13.225,0,0.0466,0.000796,0.889,0.0902,0.231,120.804,37fVlVRadgPGiyR8Yo2hhr,496227,4
649,Tongues,0.684,0.464,5,-16.506,1,0.0511,0.00129,0.941,0.116,0.0393,115.813,2ZymIf9kGrGbnDJAD932hu,337840,4
650,J Breas,0.438,0.116,7,-18.719,1,0.0341,0.974,0.777,0.126,0.0727,95.716,2qHYRnrQD2DOXIQ358lWQp,167067,4
651,Myopia,0.657,0.562,2,-26.172,1,0.0505,0.827,0.96,0.151,0.0768,119.861,0dYTIbXCOX2ok7iHmLQgc1,286667,4
652,House of Blue Leaves,0.702,0.205,2,-25.923,1,0.0618,0.72,0.884,0.105,0.725,122.881,66SGK9hoZgRwOvmTe4oii8,381267,4
653,Bad Days,0.583,0.504,6,-18.783,0,0.283,0.925,0.874,0.077,0.188,191.808,39KxeRDgWGErleMIGUU0HV,147267,4
654,Piano & Strings,0.655,0.0257,11,-16.024,0,0.0575,0.757,0.685,0.177,0.365,67.192,65eLHdLXbgQaGzsmv1VdpO,95600,5
655,Sound,0.64,0.415,2,-13.382,1,0.0442,0.987,0.972,0.148,0.752,128.875,6Xts2F8JtQIi1brgICe25f,71093,4
656,Dog,0.706,0.579,2,-14.845,1,0.059,3.5e-05,0.76,0.0933,0.962,120.834,6XC67EWjUvrYCjtY634gD9,455240,4
657,80,0.123,0.0416,4,-30.108,0,0.0363,0.704,0.875,0.109,0.0536,81.04,55ONsnc54YMOvLNmqXXdB5,125960,4
658,Lean on Me,0.369,0.0455,4,-34.963,1,0.0351,0.734,0.89,0.101,0.128,123.973,5LLqvnQniBYNGdwTBPXUFS,232867,4
659,Besame,0.823,0.838,4,-9.067,0,0.0682,0.000842,0.709,0.081,0.593,127.96,62u06AuXpErtIpaODjoJ3Y,222973,4
660,Rock the House,0.734,0.988,9,-7.767,1,0.0783,0.00153,0.821,0.275,0.354,129.943,1r6BGGqmRCqRkWtrs5xMqa,272093,4
661,Move the Colors,0.757,0.556,0,-11.925,1,0.0455,0.00639,0.836,0.0656,0.954,125.882,2EQo6SPQCNQabXLb9xjWyI,245400,4
662,UHF 3,0.556,0.983,9,-10.018,0,0.0365,0.000516,0.96,0.31,0.881,129.946,6CMmdJ6MYmTVwAApwaBQ7P,315000,4
663,Party Time,0.711,0.517,9,-13.094,1,0.0407,0.000137,0.857,0.101,0.534,125.895,6RcAZCTPJBML8sssg6Duv6,254973,4
664,Protect Write,0.494,0.985,3,-10.273,1,0.0403,0.00477,0.931,0.111,0.9,122.933,5bOXNDLojFagUPQwiKmpAT,344000,4
665,Go,0.714,0.673,0,-11.566,1,0.0429,0.0376,0.846,0.0928,0.451,125.894,6aPrIGxrnMvsyQJDbVXb3P,375027,4
666,Permanent Green,0.748,0.818,7,-10.521,1,0.0613,0.000163,0.882,0.108,0.0732,123.901,0Kt2Hvtwtzr3moVR8RVgdf,349373,4
667,Voodoo Child - Remix,0.775,0.68,11,-8.296,0,0.0519,0.00143,0.497,0.269,0.363,127.911,7rbIga9jiUKqNuJ87kW9XZ,236093,4
668,Drug Fits the Face,0.773,0.659,4,-13.228,0,0.0504,0.000486,0.776,0.243,0.51,121.906,486GzzFQCMmrHaJWxsKRKd,231507,4
669,Time Signature,0.665,0.328,4,-21.718,0,0.035,0.0416,0.908,0.114,0.499,121.636,1XGlsdKTz3Rsh7V01PdhwI,251667,4
670,Peace Head,0.643,0.969,11,-10.711,1,0.0435,0.000155,0.903,0.748,0.692,139.017,5VJyJlEZ833fTlWTeSy12h,316427,4
671,Barracuda,0.689,0.949,2,-4.311,1,0.0478,0.00582,0.849,0.0766,0.718,127.88,1O6cEyBOSx52zlGAFcm1ea,350640,4
672,Mobility,0.676,0.385,10,-14.249,1,0.0449,0.0105,0.891,0.0967,0.0581,120.932,5kcfTbdKMuVCWEwXpKlZLa,371267,4
673,M-Four,0.733,0.0854,4,-29.973,1,0.0543,0.906,0.943,0.111,0.287,122.898,1HqGoeif1UfHP1AxYIlCGu,205960,4
674,Drop a Beat,0.73,0.924,1,-6.282,0,0.0542,0.000145,0.721,0.0387,0.94,130.968,5RIHJrMmats4UGOaOBk7Kn,260733,4
675,Everything,0.521,0.625,8,-10.073,1,0.0304,0.000297,0.202,0.19,0.287,128.949,4x5Y9ORUjOQs5JZk2uJ9bN,292160,4
676,Yeah,0.718,0.848,9,-12.899,1,0.0493,9.47e-06,0.892,0.0922,0.304,127.914,6ZJoLpqRFooyt3MWjMpm2G,348573,4
677,Electricity,0.613,0.972,11,-9.444,0,0.0566,0.000296,0.891,0.362,0.39,129.919,2UHhNHMbtZ8LEbCiIH1mhv,209067,4
678,Next Is the E,0.602,0.879,7,-8.188,1,0.046,0.000669,0.828,0.132,0.285,134.976,46MyKNmtcwoOxY53eox2NB,282027,4
679,Mercy,0.61,0.627,11,-19.756,0,0.054,0.205,0.907,0.0728,0.244,120.877,486Madt6xxJ9De3IqDrUJQ,344133,4
680,Go,0.675,0.868,4,-9.118,0,0.0572,4.82e-05,0.909,0.0875,0.539,125.843,0e8C9dPERvvARURkNOFrrC,217240,4
681,Help Me to Believe,0.617,0.916,0,-5.632,1,0.0425,0.000171,0.847,0.0598,0.421,126.858,7jEd4lfoS0hLlgXEHhUAUZ,392067,4
682,Have You Seen My Baby?,0.523,0.957,11,-7.12,0,0.046,1.68e-05,0.847,0.0907,0.458,133.001,0pLGHjhLD9ffWdFvQdnSVW,249093,4
683,Ah-Ah,0.604,0.656,5,-11.489,0,0.0384,2.46e-06,0.865,0.0935,0.494,132.965,2lWryyIC2VLWlcJp9VsXQN,226467,4
684,Slight Return,0.693,0.651,7,-14.153,1,0.0735,0.00476,0.867,0.087,0.0495,130.877,1Sbs3ABPMPlZqChfYiPc2i,269800,4
685,Stream,0.591,0.0972,4,-20.962,0,0.0577,0.881,0.924,0.108,0.4,197.184,3VIgTCi4AfaouVMO3Vuulm,189133,4
686,Next Is the E - Edit,0.578,0.983,7,-7.577,1,0.0353,0.0015,0.459,0.375,0.657,137.007,42WTxcc4ZeIfR0vgNqcP9a,273000,4
687,Next Is the E - Victory Mix,0.502,0.911,2,-8.517,1,0.05,2.85e-05,0.435,0.146,0.231,147.024,3L29xjypuqXGc0u6XSb9wP,345000,4
688,Next Is the E - Synthe Mix,0.68,0.905,2,-8.084,1,0.0466,0.00107,0.937,0.0824,0.392,122.925,3VBu5kVxEEXXgjh133XNuD,420000,4
689,Next Is the E - I Feel It,0.596,0.977,7,-7.811,1,0.0387,0.00109,0.368,0.0908,0.629,136.964,34sexw77fyoNCuUiHbte32,359000,4
690,Thousand,0.206,0.892,11,-8.326,0,0.0565,0.000321,0.973,0.112,0.0494,126.791,5p2LNkxerTz3iMHVzhnC9z,266000,3
691,Next Is the E - Cool WW Mix,0.608,0.811,7,-10.911,1,0.0412,0.00124,0.857,0.152,0.203,134.974,6NrOTZwfILZhWpXgSWWvbx,214000,4
